测量时间,通道1,通道2,通道3,通道4,通道5,通道6,通道7,通道8,控温,CPU温,环温,环湿,压强
7:03:14,65,18,381,1014,2156,3518,121,4002,25,24.25,18.09,55.54,871.19
7:03:14,67,19,393,1042,2206,3608,125,4115,25,24.25,18.09,55.54,871.19
7:03:14,68,20,405,1068,2260,3695,129,4224,25,24.25,18.09,55.54,871.19
7:04:24,81,32,502,1283,2675,4376,163,5017,25,23.44,18.08,55.54,871.09
7:04:24,83,33,516,1309,2723,4464,168,5108,25,23.44,18.08,55.54,871.09
7:04:24,84,35,527,1330,2771,4534,172,5174,25,23.44,18.08,55.54,871.09
7:08:22,141,105,1036,2282,4434,6705,312,7490,25,23.44,18.16,55.48,871.38
7:08:22,144,108,1050,2303,4476,6758,317,7563,25,23.44,18.16,55.48,871.38
7:08:22,145,111,1069,2338,4529,6840,324,7653,25,23.44,18.16,55.48,871.38
7:10:24,176,164,1359,2820,5319,7781,404,8599,25.03,23.44,18.26,55.39,871.39
7:10:24,178,168,1379,2856,5381,7867,412,8721,25.03,23.44,18.26,55.39,871.39
7:10:24,180,173,1402,2890,5444,7948,420,8827,25.03,23.44,18.26,55.39,871.39
7:12:24,219,250,1788,3492,6393,9008,525,9878,25,23.44,18.36,55.17,871.27
7:12:24,222,256,1811,3524,6457,9111,535,10010,25,23.44,18.36,55.17,871.27
7:12:24,224,263,1837,3567,6524,9203,545,10119,25,23.44,18.36,55.17,871.27
7:14:24,270,363,2267,4190,7484,10225,664,11129,25.03,24.25,18.51,54.98,871.49
7:14:24,274,372,2299,4241,7539,10335,676,11247,25.03,24.25,18.51,54.98,871.49
7:14:24,277,382,2328,4279,7636,10469,691,11404,25.03,24.25,18.51,54.98,871.49
7:16:29,336,520,2849,5009,8731,11630,845,12601,25,23.44,18.68,54.79,871.3
7:16:29,339,530,2878,5046,8792,11732,859,12730,25,23.44,18.68,54.79,871.3
7:16:29,342,541,2914,5095,8871,11864,874,12875,25,23.44,18.68,54.79,871.3
7:18:33,408,692,3376,5759,9799,12805,1004,13059,25,24.25,18.81,54.57,871.58
7:18:33,414,708,3428,5836,9915,12941,1022,13319,25,24.25,18.81,54.57,871.58
7:18:33,420,723,3464,5892,9990,13102,1039,13511,25,24.25,18.81,54.57,871.58
7:20:24,484,916,3996,6581,10956,14391,1237,15098,25.03,25.06,18.86,54.45,871.56
7:20:24,489,929,4034,6623,11042,14456,1251,15195,25.03,25.06,18.86,54.45,871.56
7:20:24,494,944,4077,6658,11122,14556,1270,15309,25.03,25.06,18.86,54.45,871.56
7:23:06,623,1232,4914,7713,12591,15985,1557,16974,25,24.25,19.06,54.13,871.47
7:23:06,627,1246,4941,7725,12637,16048,1572,17046,25,24.25,19.06,54.13,871.47
7:23:06,631,1262,4975,7758,12688,16157,1586,17111,25,24.25,19.06,54.13,871.47
7:24:27,698,1405,5329,8247,13312,16688,1697,17519,25,24.25,19.17,54.04,871.19
7:24:27,702,1426,5362,8263,13356,16760,1713,17634,25,24.25,19.17,54.04,871.19
7:24:27,708,1442,5398,8303,13411,16860,1730,17731,25,24.25,19.17,54.04,871.19
7:26:32,822,1672,6034,9038,14368,17543,1929,18479,25.03,25.06,19.23,53.85,871.43
7:26:32,831,1697,6073,9067,14437,17652,1953,18671,25.03,25.06,19.23,53.85,871.43
7:26:32,839,1724,6114,9124,14501,17756,1976,18820,25.03,25.06,19.23,53.85,871.43
7:28:32,957,2065,6683,9829,15311,19079,2221,19429,25.03,23.44,19.35,53.69,871.42
7:28:32,965,2080,6708,9848,15346,19091,2232,19459,25.03,23.44,19.35,53.69,871.42
7:28:32,973,2099,6748,9874,15381,19156,2250,19538,25.03,23.44,19.35,53.69,871.42
7:30:34,1097,2270,7312,10506,16262,19411,2429,20398,25,25.06,19.47,53.47,871.4
7:30:34,1104,2295,7327,10508,16343,19500,2451,20541,25,25.06,19.47,53.47,871.4
7:30:34,1113,2320,7373,10563,16366,19597,2472,20651,25,25.06,19.47,53.47,871.4
7:32:33,1255,2712,7926,11231,17107,20808,2745,21133,25.03,24.25,19.58,53.22,871.44
7:32:33,1261,2728,7964,11249,17129,20834,2761,21189,25.03,24.25,19.58,53.22,871.44
7:32:33,1274,2756,8007,11287,17170,20882,2778,21217,25.03,24.25,19.58,53.22,871.44
7:34:33,1439,3103,8615,12012,18078,21794,3044,21984,25.03,25.06,19.73,52.94,871.66
7:34:33,1455,3133,8682,12080,18127,21831,3063,22074,25.03,25.06,19.73,52.94,871.66
7:34:33,1466,3152,8709,12090,18169,21893,3085,22135,25.03,25.06,19.73,52.94,871.66
7:36:33,1655,3527,9397,12865,19152,22758,3354,23008,25.03,25.06,19.94,52.68,871.64
7:36:33,1667,3552,9442,12884,19200,22815,3377,23078,25.03,25.06,19.94,52.68,871.64
7:36:33,1677,3582,9498,12931,19251,22845,3397,23121,25.03,25.06,19.94,52.68,871.64
7:38:33,1869,3946,10098,13615,20070,23596,3646,23801,25.03,25.88,20.12,52.34,871.82
7:38:33,1881,3970,10129,13616,20073,23643,3669,23846,25.03,25.88,20.12,52.34,871.82
7:38:33,1893,3990,10182,13657,20110,23687,3691,23931,25.03,25.88,20.12,52.34,871.82
7:40:32,2087,4358,10719,14276,20826,24322,3925,24463,25.03,25.06,20.34,52.02,871.61
7:40:32,2102,4386,10747,14279,20868,24378,3942,24509,25.03,25.06,20.34,52.02,871.61
7:40:32,2116,4400,10798,14317,20882,24382,3965,24562,25.03,25.06,20.34,52.02,871.61
7:42:32,2306,4740,11321,14915,21588,25005,4186,25144,25,24.25,20.63,51.58,871.68
7:42:32,2319,4763,11345,14914,21588,25011,4210,25234,25,24.25,20.63,51.58,871.68
7:42:32,2331,4784,11385,14909,21624,25062,4226,25256,25,24.25,20.63,51.58,871.68
7:44:32,2526,4818,11916,15367,22211,24508,4342,25266,25.03,25.06,20.91,51.07,871.72
7:44:32,2542,4878,11958,15422,22278,24694,4377,25508,25.03,25.06,20.91,51.07,871.72
7:44:32,2562,4931,12014,15508,22388,24907,4417,25762,25.03,25.06,20.91,51.07,871.72
7:46:32,2816,5639,12635,16311,23313,26596,4827,26623,25.03,26.69,21.21,50.66,871.77
7:46:32,2831,5653,12669,16291,23266,26630,4853,26691,25.03,26.69,21.21,50.66,871.77
7:46:32,2846,5679,12720,16333,23320,26681,4883,26728,25.03,26.69,21.21,50.66,871.77
7:48:33,3093,6080,13282,16946,24049,27324,5187,27312,25,26.69,21.44,50.18,871.35
7:48:33,3105,6110,13343,16971,24039,27315,5208,27383,25,26.69,21.44,50.18,871.35
7:48:33,3123,6137,13363,16988,24064,27359,5230,27399,25,26.69,21.44,50.18,871.35
7:50:33,3366,6529,13892,17575,24760,27925,5501,27889,25,25.06,21.77,49.6,871.59
7:50:33,3384,6549,13930,17577,24746,27979,5535,27980,25,25.06,21.77,49.6,871.59
7:50:33,3402,6585,13956,17605,24788,28023,5556,28017,25,25.06,21.77,49.6,871.59
7:52:33,3664,6985,14527,18182,25463,28538,5856,28486,25.03,25.06,22.08,49.09,871.84
7:52:33,3687,7023,14561,18199,25481,28567,5883,28595,25.03,25.06,22.08,49.09,871.84
7:52:33,3699,7053,14611,18210,25531,28622,5914,28636,25.03,25.06,22.08,49.09,871.84
7:54:33,3996,7517,15187,18860,26260,29252,6224,29131,25,26.69,22.4,48.61,871.68
7:54:33,4017,7542,15227,18861,26201,29268,6249,29138,25,26.69,22.4,48.61,871.68
7:54:33,4030,7563,15264,18877,26243,29268,6274,29209,25,26.69,22.4,48.61,871.68
7:56:33,4309,7979,15796,19469,26924,29819,6600,29643,25,26.69,22.73,48.07,871.63
7:56:33,4331,8010,15818,19444,26898,29812,6623,29692,25,26.69,22.73,48.07,871.63
7:56:33,4353,8046,15891,19508,26917,29858,6652,29757,25,26.69,22.73,48.07,871.63
7:58:32,4640,8461,16390,20042,27544,30334,6938,30114,25,26.69,22.99,47.62,871.64
7:58:32,4656,8473,16401,20007,27530,30358,6962,30164,25,26.69,22.99,47.62,871.64
7:58:32,4668,8497,16432,20003,27482,30355,6982,30184,25,26.69,22.99,47.62,871.64
8:02:49,5275,9075,17444,20945,28685,30551,7394,31111,25.03,25.88,23.48,46.75,871.91
8:02:49,5286,9117,17438,20942,28653,30615,7416,31189,25.03,25.88,23.48,46.75,871.91
8:02:49,5305,9163,17488,20955,28708,30748,7449,31340,25.03,25.88,23.48,46.75,871.91
8:04:32,5523,9688,17779,21358,28924,31451,7695,31142,25.03,25.88,23.75,46.33,871.42
8:04:32,5557,9735,17805,21322,28896,31493,7718,31164,25.03,25.88,23.75,46.33,871.42
8:04:32,5576,9764,17866,21353,28924,31554,7754,31269,25.03,25.88,23.75,46.33,871.42
8:06:32,5873,10150,18300,21825,29462,31911,8038,31533,25.03,26.69,24.04,45.85,871.87
8:06:32,5891,10166,18301,21787,29398,31890,8061,31558,25.03,26.69,24.04,45.85,871.87
8:06:32,5898,10175,18306,21751,29360,31885,8075,31580,25.03,26.69,24.04,45.85,871.87
8:08:32,6218,10609,18788,22284,29959,32344,8349,31937,25.03,26.69,24.3,45.5,871.71
8:08:32,6237,10634,18836,22290,29923,32356,8379,31995,25.03,26.69,24.3,45.5,871.71
8:08:32,6256,10664,18880,22300,29964,32382,8391,31985,25.03,26.69,24.3,45.5,871.71
8:10:32,6550,11029,19273,22739,30453,32707,8682,32322,25.03,28.31,24.6,44.98,871.72
8:10:32,6571,11052,19295,22719,30394,32708,8710,32364,25.03,28.31,24.6,44.98,871.72
8:10:32,6585,11071,19313,22694,30371,32687,8720,32366,25.03,28.31,24.6,44.98,871.72
8:12:33,6880,11442,19716,23120,30845,33018,8970,32618,25.03,27.5,24.95,44.46,871.96
8:12:33,6901,11475,19731,23103,30806,33015,8997,32670,25.03,27.5,24.95,44.46,871.96
8:12:33,6916,11495,19774,23112,30811,33050,9017,32695,25.03,27.5,24.95,44.46,871.96
8:14:32,7217,11884,20139,23543,31293,33443,9276,32909,25.03,28.31,25.15,44.07,871.74
8:14:32,7237,11915,20175,23538,31226,33388,9293,32912,25.03,28.31,25.15,44.07,871.74
8:14:32,7259,11950,20229,23543,31237,33475,9334,32977,25.03,28.31,25.15,44.07,871.74
8:16:32,7590,12328,20676,24005,31848,33834,9642,33411,25.03,27.5,25.37,43.68,871.35
8:16:32,7619,12377,20755,24017,31803,33861,9672,33441,25.03,27.5,25.37,43.68,871.35
8:16:32,7636,12387,20760,24021,31808,33900,9714,33501,25.03,27.5,25.37,43.68,871.35
8:18:26,7922,12643,21029,24396,32251,33939,9863,33671,25.03,26.69,25.6,43.32,871.59
8:18:26,7948,12690,21083,24414,32226,33999,9892,33747,25.03,26.69,25.6,43.32,871.59
8:18:26,7961,12726,21106,24408,32233,34076,9928,33813,25.03,26.69,25.6,43.32,871.59
8:20:25,8248,13041,21468,24795,32688,34308,10128,34039,25.03,28.31,25.86,42.93,871.86
8:20:25,8258,13058,21464,24741,32544,34265,10128,34030,25.03,28.31,25.86,42.93,871.86
8:20:25,8276,13099,21516,24770,32599,34348,10160,34064,25.03,28.31,25.86,42.93,871.86
8:23:21,8652,13290,21967,25055,33049,34128,10334,34436,25.03,28.31,26.27,42.38,871.88
8:23:21,8671,13339,21974,25044,33010,34195,10364,34535,25.03,28.31,26.27,42.38,871.88
8:23:21,8687,13391,22014,25051,33020,34264,10389,34605,25.03,28.31,26.27,42.38,871.88
8:24:22,8841,13725,22032,25304,33117,34639,10498,34202,25.03,29.12,26.34,41.99,871.83
8:24:22,8859,13762,22070,25303,33064,34681,10523,34238,25.03,29.12,26.34,41.99,871.83
8:24:22,8868,13784,22094,25292,33058,34725,10552,34289,25.03,29.12,26.34,41.99,871.83
8:26:23,9197,14099,22475,25683,33571,34900,10792,34589,25.03,29.12,26.53,41.86,871.9
8:26:23,9220,14144,22514,25679,33521,34942,10820,34651,25.03,29.12,26.53,41.86,871.9
8:26:23,9232,14174,22543,25690,33515,35012,10859,34707,25.03,29.12,26.53,41.86,871.9
8:28:23,9557,14555,22889,26112,34004,35344,11069,34833,25.03,28.31,26.59,41.34,871.74
8:28:23,9576,14589,22918,26089,33913,35334,11071,34844,25.03,28.31,26.59,41.34,871.74
8:28:23,9583,14605,22906,26058,33868,35360,11090,34869,25.03,28.31,26.59,41.34,871.74
8:30:24,9833,14817,23116,26257,34126,35354,11178,34931,25.03,28.31,26.58,41.37,872.01
8:30:24,9833,14829,23112,26211,34014,35327,11184,34916,25.03,28.31,26.58,41.37,872.01
8:30:24,9839,14857,23128,26176,33960,35347,11197,34908,25.03,28.31,26.58,41.37,872.01
8:32:24,10134,15125,23442,26508,34394,35521,11431,35148,25.03,29.12,26.78,41.17,871.79
8:32:24,10135,15144,23444,26474,34291,35524,11449,35163,25.03,29.12,26.78,41.17,871.79
8:32:24,10173,15208,23526,26515,34347,35627,11494,35243,25.03,29.12,26.78,41.17,871.79
8:34:24,10521,15574,23859,26939,34827,35892,11745,35414,25.03,29.12,26.95,40.61,871.89
8:34:24,10522,15592,23862,26892,34726,35906,11753,35439,25.03,29.12,26.95,40.61,871.89
8:34:24,10515,15593,23843,26820,34630,35861,11749,35389,25.03,29.12,26.95,40.61,871.89
8:36:25,10816,15875,24115,27112,34959,35967,11916,35510,25.03,28.31,26.96,40.42,871.96
8:36:25,10834,15911,24144,27102,34917,36006,11947,35565,25.03,28.31,26.96,40.42,871.96
8:36:25,10851,15959,24194,27109,34908,36060,11985,35606,25.03,28.31,26.96,40.42,871.96
8:38:25,11194,16285,24544,27490,35373,36300,12223,35867,25.03,29.12,27.14,40.25,872
8:38:25,11211,16326,24582,27483,35332,36325,12248,35930,25.03,29.12,27.14,40.25,872
8:38:25,11228,16374,24630,27498,35330,36402,12284,35971,25.03,29.12,27.14,40.25,872
8:40:24,11516,16671,24859,27775,35672,36575,12500,36009,25.03,29.12,27.34,39.76,872.33
8:40:24,11540,16709,24889,27780,35615,36615,12532,36078,25.03,29.12,27.34,39.76,872.33
8:40:24,11555,16742,24931,27776,35597,36660,12561,36101,25.03,29.12,27.34,39.76,872.33
8:42:25,11841,16962,25174,28047,35945,36721,12732,36237,25.06,29.93,27.4,39.7,871.9
8:42:25,11870,17020,25223,28075,35914,36785,12765,36328,25.06,29.93,27.4,39.7,871.9
8:42:25,11890,17077,25262,28060,35938,36860,12805,36373,25.06,29.93,27.4,39.7,871.9
8:44:23,12221,17396,25534,28419,36321,37081,13053,36473,25.03,29.12,27.72,39.5,871.77
8:44:23,12239,17443,25579,28424,36267,37133,13082,36515,25.03,29.12,27.72,39.5,871.77
8:44:23,12254,17491,25620,28424,36252,37190,13120,36570,25.03,29.12,27.72,39.5,871.77
8:46:24,12566,17736,25886,28725,36636,37301,13312,36730,25.06,30.74,27.99,38.58,871.87
8:46:24,12584,17782,25932,28721,36580,37356,13342,36772,25.06,30.74,27.99,38.58,871.87
8:46:24,12594,17827,25954,28716,36568,37398,13369,36808,25.06,30.74,27.99,38.58,871.87
8:48:24,12869,18098,26201,28940,36852,37531,13600,36938,25.03,29.93,27.97,38.11,871.97
8:48:24,12891,18135,26233,28945,36804,37557,13624,36964,25.03,29.93,27.97,38.11,871.97
8:48:24,12905,18174,26270,28932,36783,37605,13667,37001,25.03,29.93,27.97,38.11,871.97
8:50:24,13243,18460,26537,29278,37220,37781,13897,37145,25.03,30.74,27.96,37.98,872.07
8:50:24,13256,18494,26560,29269,37155,37825,13931,37221,25.03,30.74,27.96,37.98,872.07
8:50:24,13264,18524,26590,29239,37126,37847,13960,37249,25.03,30.74,27.96,37.98,872.07
8:52:24,13546,18765,26793,29492,37414,37914,14130,37257,25.03,29.93,28.1,37.98,872.2
8:52:24,13560,18793,26807,29484,37344,37969,14164,37322,25.03,29.93,28.1,37.98,872.2
8:52:24,13569,18826,26838,29472,37310,38020,14188,37338,25.03,29.93,28.1,37.98,872.2
8:56:24,14051,19211,27155,29754,37667,38028,14484,37415,25.03,30.74,28.7,37.39,871.92
8:56:24,14065,19241,27166,29741,37598,38044,14509,37455,25.03,30.74,28.7,37.39,871.92
8:56:24,14094,19298,27223,29744,37556,38112,14551,37517,25.03,30.74,28.7,37.39,871.92
8:58:24,14448,19634,27582,30185,38134,38445,14853,37810,25.03,30.74,28.94,36.86,872.08
8:58:24,14480,19687,27627,30179,38065,38501,14884,37895,25.03,30.74,28.94,36.86,872.08
8:58:24,14498,19739,27673,30196,38069,38563,14919,37929,25.03,30.74,28.94,36.86,872.08
9:02:53,15155,20485,28326,30698,38637,39123,15471,38355,25.03,32.36,28.35,37.06,871.75
9:02:53,15176,20508,28369,30681,38587,39146,15512,38388,25.03,32.36,28.35,37.06,871.75
9:02:53,15167,20498,28369,30654,38535,39128,15521,38343,25.03,32.36,28.35,37.06,871.75
9:04:23,15396,20602,28419,30918,38855,39072,15569,38377,25.03,31.55,28.07,37.32,871.82
9:04:23,15409,20624,28431,30898,38779,39105,15602,38411,25.03,31.55,28.07,37.32,871.82
9:04:23,15422,20678,28500,30918,38800,39201,15644,38472,25.03,31.55,28.07,37.32,871.82
9:06:23,15710,20960,28708,31212,39146,39393,15856,38538,25.03,32.36,27.63,37.72,872.12
9:06:23,15732,20995,28740,31192,39068,39416,15885,38585,25.03,32.36,27.63,37.72,872.12
9:06:23,15734,21009,28752,31162,39017,39416,15898,38585,25.03,32.36,27.63,37.72,872.12
9:10:24,16346,21533,29298,31696,39680,39735,16344,38983,25.03,33.17,27.23,38.31,872.05
9:10:24,16336,21549,29300,31631,39534,39684,16347,39022,25.03,33.17,27.23,38.31,872.05
9:10:24,16328,21568,29325,31643,39550,39780,16384,39049,25.03,33.17,27.23,38.31,872.05
9:12:24,16578,21752,29426,31811,39754,39810,16504,39019,25.06,31.55,27.34,37.98,872.11
9:12:24,16582,21786,29444,31774,39664,39829,16526,39055,25.06,31.55,27.34,37.98,872.11
9:12:24,16600,21824,29496,31786,39674,39908,16561,39091,25.06,31.55,27.34,37.98,872.11
9:14:24,16822,21999,29616,31983,39923,39951,16699,39132,25.03,31.55,27.44,37.75,871.98
9:14:24,16851,22045,29648,31965,39835,39985,16721,39148,25.03,31.55,27.44,37.75,871.98
9:14:24,16869,22098,29696,31973,39835,40057,16770,39216,25.03,31.55,27.44,37.75,871.98
9:16:23,17058,22237,29786,32117,40064,40077,16881,39204,25.03,31.55,27.51,37.65,872.01
9:16:23,17089,22280,29819,32114,39997,40111,16913,39243,25.03,31.55,27.51,37.65,872.01
9:16:23,17105,22322,29834,32083,39939,40132,16942,39282,25.03,31.55,27.51,37.65,872.01
9:18:22,17375,22535,30062,32369,40281,40286,17111,39352,25.03,31.55,27.4,37.59,871.9
9:18:22,17378,22566,30071,32312,40180,40279,17164,39399,25.03,31.55,27.4,37.59,871.9
9:18:22,17398,22608,30114,32312,40148,40320,17195,39408,25.03,31.55,27.4,37.59,871.9
9:20:23,17660,22764,30273,32554,40506,40365,17358,39547,25.03,32.36,27.32,37.78,872.17
9:20:23,17653,22785,30284,32489,40379,40392,17377,39552,25.03,32.36,27.32,37.78,872.17
9:20:23,17681,22839,30356,32510,40337,40448,17392,39615,25.03,32.36,27.32,37.78,872.17
9:23:12,17832,22418,30581,32501,40605,39752,17346,39831,25.03,31.55,27.56,37.59,871.95
9:23:12,17872,22486,30598,32512,40601,39830,17367,39970,25.03,31.55,27.56,37.59,871.95
9:23:12,17858,22547,30549,32493,40585,39978,17421,40070,25.03,31.55,27.56,37.59,871.95
9:24:23,18012,23048,30480,32713,40625,40407,17484,39598,25.03,31.55,27.63,37.35,871.83
9:24:23,18043,23083,30468,32665,40528,40432,17497,39648,25.03,31.55,27.63,37.35,871.83
9:24:23,18061,23153,30508,32629,40487,40481,17516,39656,25.03,31.55,27.63,37.35,871.83
9:28:23,18529,23571,30881,33040,40942,40673,17873,39840,25.03,31.55,27.65,37.19,872.05
9:28:23,18543,23590,30885,33016,40836,40776,17894,39859,25.03,31.55,27.65,37.19,872.05
9:28:23,18586,23660,30979,33027,40842,40805,17940,39924,25.03,31.55,27.65,37.19,872.05
9:30:24,18880,23859,31200,33311,41234,40872,18180,40107,25.03,32.36,27.68,36.82,871.81
9:30:24,18886,23880,31207,33258,41143,40883,18174,40096,25.03,32.36,27.68,36.82,871.81
9:30:24,18923,23940,31255,33250,41119,40971,18215,40162,25.03,32.36,27.68,36.82,871.81
9:32:24,19113,24091,31357,33426,41383,40997,18370,40181,25.03,33.17,27.8,36.72,871.99
9:32:24,19149,24148,31414,33416,41260,41058,18379,40188,25.03,33.17,27.8,36.72,871.99
9:32:24,19175,24167,31430,33402,41267,41108,18416,40253,25.03,33.17,27.8,36.72,871.99
9:34:23,19399,24428,31526,33615,41481,41188,18549,40162,25.03,32.36,27.96,36.43,872
9:34:23,19386,24426,31544,33587,41411,41245,18564,40197,25.03,32.36,27.96,36.43,872
9:34:23,19413,24487,31584,33574,41389,41265,18580,40256,25.03,32.36,27.96,36.43,872
9:36:24,19603,24573,31719,33729,41620,41243,18670,40315,25.03,32.36,27.9,36.19,871.5
9:36:24,19644,24617,31735,33715,41582,41300,18709,40388,25.03,32.36,27.9,36.19,871.5
9:36:24,19644,24647,31766,33706,41516,41321,18723,40432,25.03,32.36,27.9,36.19,871.5
9:38:24,19858,24802,31944,33921,41824,41386,18922,40482,25.03,33.17,28.04,36.19,871.44
9:38:24,19871,24828,31955,33896,41757,41339,18942,40486,25.03,33.17,28.04,36.19,871.44
9:38:24,19879,24854,31958,33848,41691,41454,18980,40538,25.03,33.17,28.04,36.19,871.44
9:40:24,20114,25047,32115,34073,41957,41557,19148,40576,25.06,32.36,28.05,36.13,871.65
9:40:24,20158,25104,32163,34073,41891,41578,19218,40667,25.06,32.36,28.05,36.13,871.65
9:40:24,20133,25118,32164,34025,41874,41620,19209,40617,25.06,32.36,28.05,36.13,871.65
9:42:24,20404,25283,32324,34242,42180,41625,19403,40733,25.03,33.17,28.09,35.86,871.6
9:42:24,20420,25308,32404,34290,42102,41626,19455,40829,25.03,33.17,28.09,35.86,871.6
9:42:24,20416,25322,32398,34246,42094,41700,19486,40856,25.03,33.17,28.09,35.86,871.6
9:44:24,20626,25501,32498,34424,42333,41868,19624,40919,25.03,31.55,28.02,35.86,872.01
9:44:24,20665,25554,32514,34345,42174,41671,19588,40819,25.03,31.55,28.02,35.86,872.01
9:44:24,20663,25562,32566,34355,42208,41848,19626,40893,25.03,31.55,28.02,35.86,872.01
9:46:24,20801,25650,32590,34498,42365,41744,19634,40777,25.03,32.36,28.15,35.93,872.19
9:46:24,20835,25680,32561,34421,42269,41825,19664,40812,25.03,32.36,28.15,35.93,872.19
9:46:24,20864,25743,32639,34422,42266,41886,19701,40870,25.03,32.36,28.15,35.93,872.19
9:48:24,20952,25770,32642,34493,42341,41772,19736,40778,25.06,31.55,28.34,35.4,871.7
9:48:24,20984,25817,32668,34429,42226,41833,19766,40809,25.06,31.55,28.34,35.4,871.7
9:48:24,21029,25880,32749,34509,42269,41925,19828,40889,25.06,31.55,28.34,35.4,871.7
9:50:24,21204,25982,32844,34676,42485,41899,19974,40926,25.06,31.55,28.6,35.13,871.9
9:50:24,21258,26062,32897,34663,42471,42002,20001,40988,25.06,31.55,28.6,35.13,871.9
9:50:24,21271,26105,32953,34676,42469,42061,20040,41031,25.06,31.55,28.6,35.13,871.9
9:52:24,21356,26103,32901,34707,42532,41881,20063,40905,25.03,32.36,28.71,34.93,871.82
9:52:24,21360,26112,32900,34658,42441,41913,20082,40917,25.03,32.36,28.71,34.93,871.82
9:52:24,21365,26159,32952,34686,42457,41997,20104,40960,25.03,32.36,28.71,34.93,871.82
9:54:23,21561,26279,33093,34873,42721,42040,20273,41072,25.03,31.55,28.64,34.83,871.79
9:54:23,21616,26325,33109,34815,42609,42045,20318,41110,25.03,31.55,28.64,34.83,871.79
9:54:23,21623,26357,33137,34793,42586,42117,20333,41145,25.03,31.55,28.64,34.83,871.79
9:56:23,21750,26421,33144,34924,42758,42073,20438,41057,25.03,32.36,28.7,34.63,871.94
9:56:23,21780,26489,33189,34911,42692,42128,20487,41156,25.03,32.36,28.7,34.63,871.94
9:56:23,21822,26555,33258,34925,42700,42225,20545,41188,25.03,32.36,28.7,34.63,871.94
9:58:23,21997,26642,33351,35123,42996,42231,20642,41254,25.06,33.17,28.85,34.6,872.06
9:58:23,22018,26693,33405,35098,42879,42262,20673,41285,25.06,33.17,28.85,34.6,872.06
9:58:23,22038,26736,33451,35102,42882,42328,20725,41375,25.06,33.17,28.85,34.6,872.06
10:02:33,22517,27079,33891,35432,43355,42476,21107,41813,25.03,33.17,29.18,34.26,871.86
10:02:33,22496,27062,33858,35366,43246,42472,21109,41760,25.03,33.17,29.18,34.26,871.86
10:02:33,22514,27097,33900,35362,43243,42545,21144,41772,25.03,33.17,29.18,34.26,871.86
10:04:23,22653,27204,33941,35557,43475,42544,21125,41715,25.03,32.36,29.22,33.86,871.77
10:04:23,22678,27245,33946,35493,43338,42550,21134,41725,25.03,32.36,29.22,33.86,871.77
10:04:23,22700,27281,33983,35464,43307,42604,21166,41752,25.03,32.36,29.22,33.86,871.77
10:06:23,22832,27392,34040,35645,43547,42615,21244,41760,25.03,32.36,29.34,33.93,871.95
10:06:23,22878,27419,34089,35647,43470,42652,21249,41798,25.03,32.36,29.34,33.93,871.95
10:06:23,22870,27450,34082,35569,43382,42678,21267,41810,25.03,32.36,29.34,33.93,871.95
10:08:23,23004,27515,34160,35737,43655,42683,21372,41817,25.03,32.36,29.59,33.66,871.92
10:08:23,23045,27527,34171,35696,43563,42722,21396,41845,25.03,32.36,29.59,33.66,871.92
10:08:23,23100,27632,34246,35708,43539,42711,21412,41869,25.03,32.36,29.59,33.66,871.92
10:10:22,23210,27668,34301,35848,43769,42719,21555,41890,25.03,31.55,29.89,33.19,871.84
10:10:22,23256,27714,34351,35808,43670,42770,21565,41927,25.03,31.55,29.89,33.19,871.84
10:10:22,23277,27765,34388,35841,43661,42860,21611,42003,25.03,31.55,29.89,33.19,871.84
10:12:23,23415,27783,34437,36001,43876,42721,21672,41938,25.03,33.17,30.1,33.12,872.11
10:12:23,23440,27832,34417,35927,43787,42813,21698,42005,25.03,33.17,30.1,33.12,872.11
10:12:23,23475,27924,34483,35958,43804,42888,21738,42102,25.03,33.17,30.1,33.12,872.11
10:14:22,23600,28051,34581,36092,43985,42965,21844,42073,25.03,33.17,30.42,32.59,871.54
10:14:22,23652,28090,34626,36067,43867,42951,21900,42095,25.03,33.17,30.42,32.59,871.54
10:14:22,23650,28109,34614,36011,43825,42974,21932,42123,25.03,33.17,30.42,32.59,871.54
10:16:22,23818,28257,34741,36202,44078,43044,22089,42142,25.03,33.17,30.5,32.59,871.84
10:16:22,23849,28278,34740,36161,43960,43025,22087,42119,25.03,33.17,30.5,32.59,871.84
10:16:22,23894,28331,34795,36151,43970,43111,22150,42224,25.03,33.17,30.5,32.59,871.84
10:18:23,24039,28366,34894,36331,44206,43055,22281,42290,25.06,33.99,30.79,32.39,872.08
10:18:23,24079,28416,34943,36330,44178,43134,22331,42334,25.06,33.99,30.79,32.39,872.08
10:18:23,24071,28426,34942,36277,44143,43165,22339,42378,25.06,33.99,30.79,32.39,872.08
10:20:23,24194,28468,34966,36369,44255,43050,22298,42275,25.03,33.17,31.14,32.25,871.64
10:20:23,24188,28480,34958,36292,44179,43121,22364,42333,25.03,33.17,31.14,32.25,871.64
10:20:23,24206,28554,35024,36348,44225,43124,22371,42351,25.03,33.17,31.14,32.25,871.64
10:23:20,24453,29143,35090,36447,44073,43604,22629,41948,25.06,33.99,31.69,31.18,871.64
10:23:20,24491,29176,35120,36420,44004,43603,22657,41997,25.06,33.99,31.69,31.18,871.64
10:23:20,24503,29175,35124,36378,43956,43586,22653,42005,25.06,33.99,31.69,31.18,871.64
10:24:22,24476,28676,35103,36416,44296,43070,22445,42441,25.03,33.99,31.48,31.48,872.06
10:24:22,24531,28758,35222,36475,44306,43156,22495,42473,25.03,33.99,31.48,31.48,872.06
10:24:22,24554,28788,35237,36467,44303,43209,22503,42557,25.03,33.99,31.48,31.48,872.06
10:26:23,24664,28868,35262,36520,44424,43184,22602,42456,25.03,33.17,31.51,31.65,871.85
10:26:23,24685,28886,35279,36519,44388,43199,22589,42453,25.03,33.17,31.51,31.65,871.85
10:26:23,24721,28933,35303,36514,44354,43320,22636,42567,25.03,33.17,31.51,31.65,871.85
10:28:23,24817,28971,35364,36624,44526,43279,22723,42547,25.03,34.8,31.84,31.11,871.91
10:28:23,24825,29004,35333,36579,44429,43326,22716,42510,25.03,34.8,31.84,31.11,871.91
10:28:23,24853,29049,35437,36585,44432,43342,22779,42592,25.03,34.8,31.84,31.11,871.91
10:30:23,24951,29131,35472,36717,44612,43353,22824,42586,25.03,33.99,31.72,30.87,871.77
10:30:23,24998,29167,35478,36673,44508,43350,22833,42589,25.03,33.99,31.72,30.87,871.77
10:30:23,25001,29180,35470,36647,44507,43410,22881,42672,25.03,33.99,31.72,30.87,871.77
10:32:24,25184,29222,35634,36917,44779,43433,23036,42778,25.03,34.8,31.74,30.91,871.8
10:32:24,25197,29289,35656,36813,44707,43430,23043,42844,25.03,34.8,31.74,30.91,871.8
10:32:24,25161,29315,35741,36864,44728,43475,23051,42854,25.03,34.8,31.74,30.91,871.8
10:34:23,25356,29466,35827,37018,44936,43595,23198,42867,25.03,33.99,31.66,30.91,871.83
10:34:23,25371,29503,35841,36995,44832,43633,23241,42924,25.03,33.99,31.66,30.91,871.83
10:34:23,25397,29510,35832,36920,44771,43635,23261,42911,25.03,33.99,31.66,30.91,871.83
10:36:23,25515,29569,35886,37084,44935,43608,23294,42860,25.06,33.99,31.94,30.81,871.86
10:36:23,25538,29615,35932,37064,44943,43698,23346,42919,25.06,33.99,31.94,30.81,871.86
10:36:23,25562,29665,35925,37035,44855,43673,23344,42955,25.06,33.99,31.94,30.81,871.86
10:38:23,25661,29633,35956,37152,45070,43564,23338,42923,25.06,34.8,31.94,30.84,872.09
10:38:23,25698,29724,36002,37121,44993,43617,23354,43057,25.06,34.8,31.94,30.84,872.09
10:38:23,25697,29707,35987,37048,44899,43638,23380,42953,25.06,34.8,31.94,30.84,872.09
10:40:23,25734,29720,36003,37172,45104,43639,23356,42918,25.03,34.8,32.48,30.3,871.65
10:40:23,25797,29794,36102,37205,45016,43724,23420,42963,25.03,34.8,32.48,30.3,871.65
10:40:23,25775,29845,36093,37130,44965,43742,23380,42990,25.03,34.8,32.48,30.3,871.65
10:42:23,25900,29834,36101,37249,45170,43661,23499,43001,25.03,33.99,32.36,30.1,872.12
10:42:23,25935,29884,36122,37213,45065,43679,23510,43046,25.03,33.99,32.36,30.1,872.12
10:42:23,25967,29934,36150,37224,45068,43760,23553,43115,25.03,33.99,32.36,30.1,872.12
10:44:23,26016,29906,36183,37300,45196,43679,23567,43041,25.03,34.8,32.58,30.03,871.89
10:44:23,26015,29893,36160,37219,45076,43678,23573,43045,25.03,34.8,32.58,30.03,871.89
10:44:23,26061,30007,36204,37213,45044,43733,23579,43128,25.03,34.8,32.58,30.03,871.89
10:46:23,26203,30124,36306,37428,45341,43831,23743,43141,25.03,34.8,32.97,29.76,871.89
10:46:23,26210,30147,36334,37389,45200,43847,23758,43102,25.03,34.8,32.97,29.76,871.89
10:46:23,26245,30221,36361,37394,45231,43887,23766,43151,25.03,34.8,32.97,29.76,871.89
10:48:23,26257,30136,36321,37414,45311,43766,23721,43115,25.06,34.8,33.28,29.56,871.91
10:48:23,26312,30183,36339,37346,45256,43801,23753,43145,25.06,34.8,33.28,29.56,871.91
10:48:23,26265,30215,36398,37437,45215,43880,23775,43247,25.06,34.8,33.28,29.56,871.91
10:50:22,26299,30164,36299,37380,45254,43715,23690,43112,25.03,34.8,32.77,29.35,871.94
10:50:22,26320,30160,36327,37320,45161,43723,23688,43136,25.03,34.8,32.77,29.35,871.94
10:50:22,26371,30214,36377,37317,45160,43785,23732,43197,25.03,34.8,32.77,29.35,871.94
10:52:23,26539,30307,36507,37486,45349,43788,23861,43232,25.06,34.8,32.88,29.56,871.97
10:52:23,26535,30364,36554,37503,45322,43871,23966,43387,25.06,34.8,32.88,29.56,871.97
10:52:23,26594,30402,36561,37396,45361,43951,24008,43414,25.06,34.8,32.88,29.56,871.97
10:54:23,26727,30498,36704,37638,45519,43875,24101,43383,25.06,33.99,33.41,29.45,872.21
10:54:23,26759,30533,36704,37578,45432,44024,24136,43386,25.06,33.99,33.41,29.45,872.21
10:54:23,26801,30568,36691,37544,45446,44021,24164,43456,25.06,33.99,33.41,29.45,872.21
10:56:23,26908,30677,36803,37713,45635,44031,24262,43459,25.03,35.61,33.87,28.74,871.94
10:56:23,26882,30609,36740,37660,45522,43996,24281,43508,25.03,35.61,33.87,28.74,871.94
10:56:23,26901,30666,36769,37613,45508,44087,24328,43548,25.03,35.61,33.87,28.74,871.94
10:58:26,26972,30719,36676,37828,45598,43964,24225,42963,25.06,34.8,34.09,28.27,871.73
10:58:26,27024,30779,36617,37795,45587,43984,24240,43124,25.06,34.8,34.09,28.27,871.73
10:58:26,26995,30826,36671,37789,45525,44090,24282,43142,25.06,34.8,34.09,28.27,871.73
11:02:40,27294,31181,36803,37972,45763,44293,24635,43107,25.03,34.8,34.2,28.4,871.88
11:02:40,27297,31186,36791,38013,45688,44337,24611,43130,25.03,34.8,34.2,28.4,871.88
11:02:40,27310,31217,36828,37945,45611,44353,24682,43200,25.03,34.8,34.2,28.4,871.88
11:04:26,27397,31000,36995,38075,45927,44104,24696,43278,25.06,35.61,34.32,27.59,871.88
11:04:26,27397,31045,36976,38033,45809,44172,24671,43322,25.06,35.61,34.32,27.59,871.88
11:04:26,27465,31110,37068,38048,45872,44281,24725,43492,25.06,35.61,34.32,27.59,871.88
11:06:24,27462,30954,37123,38002,45928,44122,24862,43641,25.03,35.61,34.38,27.86,872.11
11:06:24,27537,31062,37149,37980,45869,44086,24857,43745,25.03,35.61,34.38,27.86,872.11
11:06:24,27441,31030,37103,37923,45786,44099,24849,43765,25.03,35.61,34.38,27.86,872.11
11:08:26,27644,31129,37118,38174,46077,44062,24926,43288,25.06,35.61,34.9,27.42,871.6
11:08:26,27714,31200,37146,38170,45988,44189,24935,43438,25.06,35.61,34.9,27.42,871.6
11:08:26,27701,31256,37163,38129,45911,44210,24949,43510,25.06,35.61,34.9,27.42,871.6
11:10:23,27733,31170,37337,38134,46131,44241,25167,43756,25.03,36.42,35.01,27.18,872.08
11:10:23,27779,31192,37399,38112,46044,44184,25130,43898,25.03,36.42,35.01,27.18,872.08
11:10:23,27832,31201,37362,38050,46035,44197,25180,43982,25.03,36.42,35.01,27.18,872.08
11:12:25,27938,31378,37302,38335,46191,44266,25198,43337,25.03,36.42,34.76,26.97,872.11
11:12:25,27914,31427,37301,38316,46117,44341,25228,43487,25.03,36.42,34.76,26.97,872.11
11:12:25,27914,31493,37308,38294,46081,44401,25251,43561,25.03,36.42,34.76,26.97,872.11
11:14:25,28048,31509,37390,38386,46249,44320,25293,43400,25.03,37.23,34.98,26.8,872.07
11:14:25,28071,31556,37422,38368,46183,44398,25302,43560,25.03,37.23,34.98,26.8,872.07
11:14:25,28019,31546,37451,38461,46213,44421,25384,43674,25.03,37.23,34.98,26.8,872.07
11:16:25,28093,31558,37416,38396,46237,44324,25334,43424,25.03,37.23,34.86,26.33,871.77
11:16:25,28109,31603,37385,38351,46140,44357,25320,43536,25.03,37.23,34.86,26.33,871.77
11:16:25,28102,31638,37400,38317,46104,44412,25357,43632,25.03,37.23,34.86,26.33,871.77
11:18:25,28192,31611,37512,38426,46290,44361,25453,43517,25.03,36.42,35.06,26.77,872.22
11:18:25,28268,31728,37540,38435,46243,44416,25456,43673,25.03,36.42,35.06,26.77,872.22
11:18:25,28290,31764,37543,38403,46186,44440,25518,43731,25.03,36.42,35.06,26.77,872.22
11:20:26,28411,31837,37703,38598,46443,44518,25647,43803,25.03,37.23,35.54,25.88,872.16
11:20:26,28437,31893,37712,38561,46359,44556,25713,43851,25.03,37.23,35.54,25.88,872.16
11:20:26,28441,31929,37709,38503,46306,44583,25725,43892,25.03,37.23,35.54,25.88,872.16
11:23:28,28746,32653,37882,38674,46359,45296,26290,43741,25.06,36.42,36,26.02,871.86
11:23:28,28779,32665,37939,38643,46287,45239,26286,43757,25.06,36.42,36,26.02,871.86
11:23:28,28818,32637,37943,38613,46279,45254,26338,43781,25.06,36.42,36,26.02,871.86
11:24:25,28728,32052,37936,38765,46685,44629,26104,43904,25.03,37.23,36.32,25.54,871.88
11:24:25,28774,32111,37939,38738,46591,44677,26134,44020,25.03,37.23,36.32,25.54,871.88
11:24:25,28779,32173,37971,38733,46603,44758,26194,44121,25.03,37.23,36.32,25.54,871.88
11:26:25,28772,31993,37973,38764,46691,44495,26100,43816,25.03,38.04,36.6,25.2,872.12
11:26:25,28816,32069,37974,38749,46625,44577,26129,43994,25.03,38.04,36.6,25.2,872.12
11:26:25,28802,32082,37931,38700,46550,44621,26141,44116,25.03,38.04,36.6,25.2,872.12
11:28:25,28880,32168,37922,38780,46592,44574,26173,43905,25.03,38.04,36.2,25.61,872.06
11:28:25,28899,32152,37897,38682,46572,44666,26148,44042,25.03,38.04,36.2,25.61,872.06
11:28:25,28891,32270,38020,38731,46569,44709,26198,44065,25.03,38.04,36.2,25.61,872.06
11:30:26,28988,32222,38031,38817,46752,44665,26235,44002,25.03,38.04,36.77,25.13,871.76
11:30:26,28991,32257,38062,38798,46639,44676,26223,44052,25.03,38.04,36.77,25.13,871.76
11:30:26,28997,32290,38073,38768,46613,44759,26260,44137,25.03,38.04,36.77,25.13,871.76
11:32:25,29052,32160,38161,38851,46754,44589,26307,44041,25.03,38.04,36.54,25.3,872.17
11:32:25,29075,32250,38130,38802,46627,44608,26338,44074,25.03,38.04,36.54,25.3,872.17
11:32:25,29144,32329,38188,38836,46712,44716,26346,44237,25.03,38.04,36.54,25.3,872.17
11:34:25,29213,32365,38260,38977,46895,44728,26470,44111,25.03,38.04,36.99,24.92,871.84
11:34:25,29238,32427,38265,38941,46813,44774,26482,44217,25.03,38.04,36.99,24.92,871.84
11:34:25,29212,32480,38275,38888,46766,44795,26518,44309,25.03,38.04,36.99,24.92,871.84
11:36:25,29267,32462,38312,39005,46945,44735,26539,44110,25.03,38.04,37.22,24.13,872.02
11:36:25,29322,32498,38317,38982,46837,44785,26565,44270,25.03,38.04,37.22,24.13,872.02
11:36:25,29321,32517,38313,38935,46799,44837,26580,44320,25.03,38.04,37.22,24.13,872.02
11:38:26,29318,32311,38348,38965,46929,44647,26586,44236,25.03,38.85,36.33,24.92,871.93
11:38:26,29348,32346,38368,38946,46876,44736,26638,44361,25.03,38.85,36.33,24.92,871.93
11:38:26,29358,32447,38375,38893,46833,44783,26624,44422,25.03,38.85,36.33,24.92,871.93
11:40:25,29400,32403,38328,38958,46832,44610,26500,44163,25.03,38.04,36.79,24.79,871.89
11:40:25,29389,32449,38355,38933,46793,44735,26516,44262,25.03,38.04,36.79,24.79,871.89
11:40:25,29456,32562,38392,38883,46817,44832,26582,44493,25.03,38.04,36.79,24.79,871.89
11:42:25,29450,32440,38467,38979,46960,44658,26620,44255,25.06,38.04,37.56,24.17,871.56
11:42:25,29463,32451,38393,38944,46839,44697,26633,44377,25.06,38.04,37.56,24.17,871.56
11:42:25,29496,32582,38458,38957,46873,44753,26673,44441,25.06,38.04,37.56,24.17,871.56
11:44:26,29615,32487,38573,39062,47006,44694,26820,44360,25.06,38.85,36.96,24.31,871.8
11:44:26,29659,32585,38603,39039,46971,44770,26860,44512,25.06,38.85,36.96,24.31,871.8
11:44:26,29675,32659,38644,39034,46962,44774,26891,44595,25.06,38.85,36.96,24.31,871.8
11:46:26,29752,32716,38639,39139,47120,44866,26989,44391,25.03,38.04,36.72,24.17,871.68
11:46:26,29770,32729,38610,39152,47057,44872,26987,44530,25.03,38.04,36.72,24.17,871.68
11:46:26,29823,32855,38711,39147,47025,44932,27060,44693,25.03,38.04,36.72,24.17,871.68
11:48:26,29852,32761,38728,39253,47169,44824,27094,44477,25.03,39.66,37.02,24.37,871.64
11:48:26,29871,32863,38728,39178,47107,44883,27112,44592,25.03,39.66,37.02,24.37,871.64
11:48:26,29859,32870,38738,39187,47130,44959,27169,44693,25.03,39.66,37.02,24.37,871.64
11:50:25,29892,32727,38723,39209,47154,44743,27101,44392,25.06,38.04,37.71,23.83,871.82
11:50:25,29910,32792,38783,39210,47131,44866,27144,44568,25.06,38.04,37.71,23.83,871.82
11:50:25,29899,32823,38738,39199,47087,44920,27174,44644,25.06,38.04,37.71,23.83,871.82
11:52:25,30047,32872,38852,39356,47305,44891,27316,44517,25.06,38.04,38.39,23.69,871.97
11:52:25,30072,32932,38848,39270,47266,44952,27349,44660,25.06,38.04,38.39,23.69,871.97
11:52:25,30079,32977,38896,39292,47245,45033,27385,44756,25.06,38.04,38.39,23.69,871.97
11:54:26,29995,32848,38791,39272,47194,44846,27119,44471,25.06,39.66,39.23,22.86,871.72
11:54:26,30011,32883,38771,39231,47139,44894,27144,44594,25.06,39.66,39.23,22.86,871.72
11:54:26,30040,32953,38817,39225,47129,44962,27175,44728,25.06,39.66,39.23,22.86,871.72
11:56:26,30108,32944,38891,39366,47316,44914,27288,44549,25.03,39.66,39.95,22.93,871.66
11:56:26,30158,32973,38869,39288,47221,44957,27286,44649,25.03,39.66,39.95,22.93,871.66
11:56:26,30133,33016,38874,39237,47198,44962,27319,44787,25.03,39.66,39.95,22.93,871.66
11:58:26,30137,32886,38914,39369,47300,44806,27236,44488,25.03,39.66,40.18,22.45,871.63
11:58:26,30202,32982,38927,39337,47264,44919,27322,44701,25.03,39.66,40.18,22.45,871.63
11:58:26,30214,33002,38961,39309,47248,44971,27354,44781,25.03,39.66,40.18,22.45,871.63
12:02:43,30555,33377,39067,39650,47620,45181,27826,44456,25.03,39.66,38.36,22.72,871.65
12:02:43,30633,33501,39178,39694,47621,45299,27884,44751,25.03,39.66,38.36,22.72,871.65
12:02:43,30567,33435,39088,39636,47571,45316,27920,44752,25.03,39.66,38.36,22.72,871.65
12:04:25,30719,33612,39104,39829,47722,45327,28015,44291,25.03,39.66,39.3,22.52,871.52
12:04:25,30758,33679,39114,39785,47563,45407,28050,44375,25.03,39.66,39.3,22.52,871.52
12:04:25,30770,33737,39154,39794,47651,45437,28100,44526,25.03,39.66,39.3,22.52,871.52
12:06:26,30759,33676,39134,39826,47679,45356,28053,44306,25.03,38.85,38.69,22.52,871.73
12:06:26,30774,33713,39149,39819,47655,45455,28069,44509,25.03,38.85,38.69,22.52,871.73
12:06:26,30745,33750,39164,39804,47635,45451,27987,44579,25.03,38.85,38.69,22.52,871.73
12:08:26,30987,33772,39313,39984,47881,45581,28595,44401,25.03,40.47,39.6,22.07,871.67
12:08:26,30961,33864,39407,39965,47887,45554,28608,44627,25.03,40.47,39.6,22.07,871.67
12:08:26,31016,33904,39348,39983,47809,45602,28688,44852,25.03,40.47,39.6,22.07,871.67
12:10:25,31030,33928,39464,40100,48014,45561,28524,44499,25.03,39.66,40.44,21.55,871.33
12:10:25,30999,33906,39371,40018,47863,45578,28496,44596,25.03,39.66,40.44,21.55,871.33
12:10:25,31060,33914,39355,39956,47825,45602,28531,44806,25.03,39.66,40.44,21.55,871.33
12:12:25,30987,33840,39317,39983,47899,45443,28213,44423,25.03,39.66,39.04,21.76,871.54
12:12:25,31004,33858,39301,39924,47738,45448,28177,44599,25.03,39.66,39.04,21.76,871.54
12:12:25,30993,33880,39302,39867,47709,45473,28196,44712,25.03,39.66,39.04,21.76,871.54
12:14:26,30963,33727,39326,39868,47746,45336,27973,44497,25.03,38.85,38.31,21.41,871.26
12:14:26,31054,33757,39337,39871,47642,45382,28001,44543,25.03,38.85,38.31,21.41,871.26
12:14:26,30977,33814,39338,39832,47711,45451,28021,44759,25.03,38.85,38.31,21.41,871.26
12:16:26,31213,33966,39520,40083,48015,45537,28700,44689,25.03,40.47,37.76,22.34,871.68
12:16:26,31221,34011,39543,40044,47935,45575,28726,44850,25.03,40.47,37.76,22.34,871.68
12:16:26,31273,34076,39581,40043,47932,45669,28765,44991,25.03,40.47,37.76,22.34,871.68
12:18:26,31249,33953,39601,40096,48038,45517,28682,44772,25.03,40.47,38.33,21.55,871.34
12:18:26,31268,33994,39606,40036,47946,45546,28746,44933,25.03,40.47,38.33,21.55,871.34
12:18:26,31279,34034,39636,40025,47932,45593,28782,45074,25.03,40.47,38.33,21.55,871.34
12:20:25,31426,34177,39678,40194,48108,45672,29072,44828,25.03,39.66,38.51,21.27,871.73
12:20:25,31436,34240,39730,40198,48100,45756,29127,45033,25.03,39.66,38.51,21.27,871.73
12:20:25,31421,34228,39716,40124,48017,45728,29100,45134,25.03,39.66,38.51,21.27,871.73
12:23:16,31549,34808,39632,40344,48138,46263,29471,44821,25.03,39.66,38.04,21.62,871.27
12:23:16,31685,34894,39709,40270,48013,46187,29465,44880,25.03,39.66,38.04,21.62,871.27
12:23:16,31650,34841,39720,40250,48023,46278,29527,44989,25.03,39.66,38.04,21.62,871.27
12:24:24,31546,34191,39779,40231,48211,45634,29288,44899,25.03,38.85,38.14,21.76,871.39
12:24:24,31552,34245,39807,40223,48136,45712,29294,45063,25.03,38.85,38.14,21.76,871.39
12:24:24,31552,34234,39795,40118,48032,45754,29254,45174,25.03,38.85,38.14,21.76,871.39
12:26:25,31747,34365,40009,40422,48376,45794,29830,45175,25.03,39.66,39.01,21.2,871.48
12:26:25,31764,34411,40016,40376,48303,45868,29895,45295,25.03,39.66,39.01,21.2,871.48
12:26:25,31737,34411,40018,40295,48260,45853,29842,45409,25.03,39.66,39.01,21.2,871.48
12:28:25,31703,34220,39990,40313,48302,45694,29715,45181,25.03,41.28,40.41,20.93,871.44
12:28:25,31730,34271,40009,40314,48265,45760,29727,45337,25.03,41.28,40.41,20.93,871.44
12:28:25,31716,34312,40062,40273,48207,45719,29655,45431,25.03,41.28,40.41,20.93,871.44
12:30:26,31688,34156,39999,40320,48322,45648,29692,45267,25.03,39.66,39.81,20.68,871.32
12:30:26,31740,34279,40046,40276,48296,45624,29706,45452,25.03,39.66,39.81,20.68,871.32
12:30:26,31743,34285,40091,40268,48199,45722,29790,45608,25.03,39.66,39.81,20.68,871.32
12:32:26,31711,34107,39946,40250,48199,45515,29378,45116,25.03,39.66,39.31,20.58,871.53
12:32:26,31721,34182,40057,40223,48114,45594,29395,45304,25.03,39.66,39.31,20.58,871.53
12:32:26,31692,34147,39934,40124,48124,45656,29407,45356,25.03,39.66,39.31,20.58,871.53
12:34:26,31804,34185,40098,40260,48230,45566,29482,45202,25.03,39.66,39.45,21.06,871.19
12:34:26,31734,34192,40075,40240,48175,45644,29611,45381,25.03,39.66,39.45,21.06,871.19
12:34:26,31840,34233,40076,40173,48218,45545,29604,45522,25.03,39.66,39.45,21.06,871.19
12:36:26,31825,34275,40058,40294,48325,45640,29648,45173,25.03,40.47,40.42,20.37,871.4
12:36:26,31823,34293,40104,40294,48250,45654,29682,45409,25.03,40.47,40.42,20.37,871.4
12:36:26,31786,34229,40016,40305,48185,45620,29709,45489,25.03,40.47,40.42,20.37,871.4
12:38:26,31888,34289,40122,40323,48359,45636,29613,45210,25.03,39.66,39.39,20.02,871.15
12:38:26,31882,34299,40143,40325,48319,45673,29659,45355,25.03,39.66,39.39,20.02,871.15
12:38:26,31833,34296,40133,40267,48252,45698,29647,45452,25.03,39.66,39.39,20.02,871.15
12:42:26,36861,42740,46184,45678,53930,53719,34274,51559,25.03,40.47,37.7,20.09,870.99
12:42:26,36937,42712,46157,45656,53837,53675,34242,51648,25.03,40.47,37.7,20.09,870.99
12:42:26,36998,42799,46168,45709,53870,53741,34213,51722,25.03,40.47,37.7,20.09,870.99
12:44:26,36907,42656,46106,45671,53820,53652,34038,51550,25.03,40.47,37.91,19.89,871.1
12:44:26,36973,42787,46248,45666,53900,53725,34046,51727,25.03,40.47,37.91,19.89,871.1
12:44:26,37006,42790,46189,45705,53860,53691,34078,51746,25.03,40.47,37.91,19.89,871.1
12:46:26,36919,42633,46141,45637,53832,53614,34161,51459,25.03,39.66,38.03,19.54,870.98
12:46:26,36982,42685,46144,45656,53788,53678,34182,51574,25.03,39.66,38.03,19.54,870.98
12:46:26,37005,42697,46118,45657,53793,53700,34146,51667,25.03,39.66,38.03,19.54,870.98
12:48:27,36873,42725,46133,45650,53880,53660,33735,51546,25.03,38.85,37.63,20.16,871.31
12:48:27,36897,42721,46100,45644,53807,53638,33674,51578,25.03,38.85,37.63,20.16,871.31
12:48:27,36969,42759,46093,45644,53795,53638,33706,51653,25.03,38.85,37.63,20.16,871.31
12:50:27,36872,42694,46089,45623,53866,53650,33688,51518,25.03,38.85,39.35,19.71,870.91
12:50:27,36938,42721,46164,45667,53831,53641,33785,51612,25.03,38.85,39.35,19.71,870.91
12:50:27,37104,42848,46157,45646,53705,53578,33962,51683,25.03,38.85,39.35,19.71,870.91
12:52:27,37204,43033,46378,45839,54131,53874,34674,51722,25.03,39.66,39.66,19.4,870.76
12:52:27,37213,42929,46313,45789,53963,53787,34525,51735,25.03,39.66,39.66,19.4,870.76
12:52:27,37216,42989,46381,45755,53920,53795,34631,51814,25.03,39.66,39.66,19.4,870.76
12:54:28,37467,43421,46679,46053,54414,54137,35520,52029,25.03,39.66,40.89,18.77,871.06
12:54:28,37483,43375,46589,46133,54347,54212,35582,52045,25.03,39.66,40.89,18.77,871.06
12:54:28,37535,43318,46606,46042,54191,54028,35426,52118,25.03,39.66,40.89,18.77,871.06
12:56:29,37326,43194,46470,45922,54196,53937,34757,51888,25.03,40.47,39,19.19,870.91
12:56:29,37342,43110,46391,45900,54085,53922,34645,51889,25.03,40.47,39,19.19,870.91
12:56:29,37357,43117,46413,45904,54079,53883,34677,51910,25.03,40.47,39,19.19,870.91
12:58:26,37424,43321,46606,46069,54406,54130,35346,51772,25.03,39.66,38.69,19.12,870.78
12:58:26,37429,43327,46597,46047,54236,54078,35376,51912,25.03,39.66,38.69,19.12,870.78
12:58:26,37475,43341,46615,46149,54463,54230,35422,51980,25.03,39.66,38.69,19.12,870.78
13:02:47,37497,43300,46630,46063,54310,53972,35281,51841,25.03,40.47,39.41,18.98,870.92
13:02:47,37581,43285,46624,46042,54210,53952,35327,51894,25.03,40.47,39.41,18.98,870.92
13:02:47,37624,43287,46619,46064,54216,53968,35354,51954,25.03,40.47,39.41,18.98,870.92
13:04:27,37567,43514,46710,46148,54481,54163,35386,51905,25.03,39.66,39.57,18.21,870.68
13:04:27,37617,43509,46691,46125,54338,54082,35339,52005,25.03,39.66,39.57,18.21,870.68
13:04:27,37611,43493,46673,46063,54355,53988,35284,52003,25.03,39.66,39.57,18.21,870.68
13:06:27,37363,43338,46518,46000,54321,53979,35166,51816,25.03,39.66,38.33,17.94,871.01
13:06:27,37459,43362,46548,46006,54241,53950,35227,51903,25.03,39.66,38.33,17.94,871.01
13:06:27,37526,43406,46656,46008,54229,54012,35327,52047,25.03,39.66,38.33,17.94,871.01
13:08:28,37521,43452,46636,46094,54384,54057,35435,51935,25.03,38.85,38.53,18.21,871.04
13:08:28,37555,43473,46674,46108,54306,54051,35482,52007,25.03,38.85,38.53,18.21,871.04
13:08:28,37651,43573,46621,46184,54328,53993,35560,52070,25.03,38.85,38.53,18.21,871.04
13:10:28,37486,43366,46520,46021,54282,53989,34982,51908,25.03,39.66,41.07,17.73,871.1
13:10:28,37481,43324,46539,46002,54178,53940,34948,51932,25.03,39.66,41.07,17.73,871.1
13:10:28,37539,43346,46545,45958,54195,53942,34918,51865,25.03,39.66,41.07,17.73,871.1
13:12:28,37416,43305,46503,45957,54225,53884,34779,51748,25.03,39.66,40.82,17.38,870.94
13:12:28,37507,43314,46528,45960,54123,53918,34894,51813,25.03,39.66,40.82,17.38,870.94
13:12:28,37473,43288,46532,45922,54109,53840,34799,51860,25.03,39.66,40.82,17.38,870.94
13:14:27,37579,43776,46717,46389,54542,54204,34798,51956,25.03,39.66,39.6,17.94,870.61
13:14:27,37661,43814,46694,46368,54380,54097,34748,51965,25.03,39.66,39.6,17.94,870.61
13:14:27,37655,43726,46691,46338,54428,54177,34688,52038,25.03,39.66,39.6,17.94,870.61
13:16:27,37474,43366,46581,46030,54333,53972,34836,51906,25.03,39.66,39.93,18,870.51
13:16:27,37598,43422,46626,46087,54281,53945,34827,51929,25.03,39.66,39.93,18,870.51
13:16:27,37638,43373,46543,45955,54099,53878,34876,51915,25.03,39.66,39.93,18,870.51
13:18:27,37424,43178,46442,45867,54116,53759,34776,51639,25.03,39.66,40.19,17.87,870.74
13:18:27,37512,43172,46467,45893,53990,53747,34797,51738,25.03,39.66,40.19,17.87,870.74
13:18:27,37518,43139,46450,45858,53947,53677,34847,51643,25.03,39.66,40.19,17.87,870.74
13:20:28,37432,43135,46413,45885,54104,53748,34731,51689,25.03,40.47,41.16,17.48,870.38
13:20:28,37485,43087,46435,45834,53998,53786,34773,51563,25.03,40.47,41.16,17.48,870.38
13:20:28,37535,43109,46428,45871,53954,53702,34790,51714,25.03,40.47,41.16,17.48,870.38
13:23:23,37618,43575,46603,46049,54298,53970,34897,51982,25.06,39.66,42.17,16.68,870.57
13:23:23,37704,43599,46691,46162,54365,54126,35038,52186,25.06,39.66,42.17,16.68,870.57
13:23:23,37731,43533,46652,46075,54201,53979,34944,52052,25.06,39.66,42.17,16.68,870.57
13:24:26,37548,43217,46531,45947,54167,53846,34741,51629,25.03,41.28,41.25,16.96,870.72
13:24:26,37545,43210,46442,45855,54057,53755,34725,51641,25.03,41.28,41.25,16.96,870.72
13:24:26,37577,43092,46425,45798,53846,53685,34680,51644,25.03,41.28,41.25,16.96,870.72
13:26:27,37786,43530,46719,46200,54454,54162,35580,51957,25.03,41.28,39.55,16.61,870.44
13:26:27,37873,43529,46796,46151,54289,53938,35650,51979,25.03,41.28,39.55,16.61,870.44
13:26:27,37836,43410,46738,46074,54214,53932,35724,51910,25.03,41.28,39.55,16.61,870.44
13:28:28,37675,43401,46714,46079,54306,54006,35372,51827,25.03,41.28,39.04,17.45,870.37
13:28:28,37763,43384,46675,46091,54163,53885,35393,51852,25.03,41.28,39.04,17.45,870.37
13:28:28,37811,43387,46648,46030,54080,53832,35548,51809,25.03,41.28,39.04,17.45,870.37
13:30:29,37745,43343,46679,46043,54237,53968,35568,51738,25.06,40.47,40.12,17.1,870.55
13:30:29,37728,43223,46587,45984,54054,53805,35479,51533,25.06,40.47,40.12,17.1,870.55
13:30:29,37704,43130,46562,45968,54059,53802,35490,51698,25.06,40.47,40.12,17.1,870.55
13:32:30,37432,42694,46292,45626,53687,53408,35186,50984,25.03,39.66,40.35,17.31,870.42
13:32:30,37456,42622,46266,45605,53561,53322,35229,50990,25.03,39.66,40.35,17.31,870.42
13:32:30,37404,42448,46136,45466,53353,53170,35264,50839,25.03,39.66,40.35,17.31,870.42
13:34:30,37859,43712,46809,46198,54481,54113,35589,52096,25.03,40.47,41.51,17.17,870.57
13:34:30,37932,43667,46887,46225,54428,54144,35708,52078,25.03,40.47,41.51,17.17,870.57
13:34:30,37855,43547,46765,46233,54332,54181,35741,52009,25.03,40.47,41.51,17.17,870.57
13:36:29,37905,43703,46848,46208,54522,54250,35646,51971,25.03,39.66,42.68,16.89,870.47
13:36:29,37971,43634,46832,46234,54396,54151,35681,52150,25.03,39.66,42.68,16.89,870.47
13:36:29,37903,43431,46737,46158,54205,54004,35634,52011,25.03,39.66,42.68,16.89,870.47
13:38:29,37283,42285,46154,45351,53277,53092,35404,50557,25.06,40.47,43.14,16.15,870.4
13:38:29,37314,42058,45966,45235,53081,52793,35361,50386,25.06,40.47,43.14,16.15,870.4
13:38:29,37199,41825,45747,45083,52788,52582,35207,50336,25.06,40.47,43.14,16.15,870.4
13:40:30,37109,41922,45902,45144,53039,52779,35105,50231,25.03,40.47,42.31,16.19,870.61
13:40:30,37087,41813,45749,45141,52956,52701,35098,50146,25.03,40.47,42.31,16.19,870.61
13:40:30,37074,41476,45493,44713,52481,52428,35092,49909,25.03,40.47,42.31,16.19,870.61
13:42:36,37904,43995,46910,46511,54688,54278,35508,52115,25.03,41.28,39.51,16.57,870.24
13:42:36,37931,43979,46910,46415,54548,54190,35392,52156,25.03,41.28,39.51,16.57,870.24
13:42:36,37887,43942,46889,46438,54550,54208,35290,52102,25.03,41.28,39.51,16.57,870.24
13:44:35,37002,41951,45942,45177,53250,52853,34976,49981,25.06,39.66,39.83,17.1,870.51
13:44:35,37058,41907,45872,45157,53084,52781,35037,50040,25.06,39.66,39.83,17.1,870.51
13:44:35,36994,41767,45811,45040,52946,52666,35102,49944,25.06,39.66,39.83,17.1,870.51
13:46:36,37190,42103,46101,45332,53369,53022,35904,50114,25.03,39.66,40.61,16.82,870.27
13:46:36,37235,42022,46018,45260,53188,52898,35920,50097,25.03,39.66,40.61,16.82,870.27
13:46:36,37243,41895,45909,45204,53100,52787,35940,50045,25.03,39.66,40.61,16.82,870.27
13:48:32,37926,43969,46867,46404,54648,54217,35703,52393,25.03,39.66,40.7,16.4,870.27
13:48:32,38005,43963,46893,46298,54515,54225,35602,52364,25.03,39.66,40.7,16.4,870.27
13:48:32,37981,43838,46838,46329,54462,54120,35534,52202,25.03,39.66,40.7,16.4,870.27
13:50:32,37895,43929,46852,46333,54642,54226,35512,52300,25.03,40.47,40.67,16.89,870.75
13:50:32,37926,43876,46845,46313,54556,54174,35511,52333,25.03,40.47,40.67,16.89,870.75
13:50:32,37954,43833,46790,46276,54403,54083,35454,52248,25.03,40.47,40.67,16.89,870.75
13:52:32,38133,44201,47152,46554,54874,54482,36590,52565,25.03,40.47,42.57,16.47,870.09
13:52:32,38218,44107,47156,46534,54752,54391,36585,52545,25.03,40.47,42.57,16.47,870.09
13:52:32,38240,44115,47113,46438,54712,54407,36633,52531,25.03,40.47,42.57,16.47,870.09
13:54:31,38070,44034,47015,46428,54754,54418,36115,52460,25.03,40.47,43.17,16.33,870.44
13:54:31,38047,44022,47029,46483,54775,54314,36003,52411,25.03,40.47,43.17,16.33,870.44
13:54:31,38130,44000,47091,46466,54752,54384,36095,52448,25.03,40.47,43.17,16.33,870.44
13:56:32,37938,43943,46933,46322,54644,54246,35727,52308,25.03,41.28,44.24,15.62,870.08
13:56:32,37956,43811,46871,46268,54489,54161,35659,52303,25.03,41.28,44.24,15.62,870.08
13:56:32,37956,43717,46822,46226,54382,54063,35628,52220,25.03,41.28,44.24,15.62,870.08
13:58:29,37937,43873,46877,46273,54556,54200,35816,52260,25.03,41.28,43.54,15.83,870.43
13:58:29,37951,43736,46808,46221,54413,54118,35714,52155,25.03,41.28,43.54,15.83,870.43
13:58:29,37955,43657,46794,46168,54295,54031,35750,52113,25.03,41.28,43.54,15.83,870.43
14:02:47,37737,43887,46724,46195,54559,54148,35231,52125,25,42.1,40.8,15.9,870.06
14:02:47,37763,43811,46762,46123,54369,54095,35199,52148,25,42.1,40.8,15.9,870.06
14:02:47,37799,43777,46672,46160,54355,54006,35097,52129,25,42.1,40.8,15.9,870.06
14:04:30,37725,43703,46662,46073,54364,53976,35081,52066,25.06,40.47,40.49,16.4,870.42
14:04:30,37647,43611,46676,46097,54390,53969,35110,52131,25.06,40.47,40.49,16.4,870.42
14:04:30,37764,43448,46575,45904,54085,53790,35140,51804,25.06,40.47,40.49,16.4,870.42
14:06:29,37786,43741,46786,46214,54496,54110,35488,52092,25.06,41.28,41.57,16.33,870.5
14:06:29,37847,43609,46689,46126,54301,53951,35455,52039,25.06,41.28,41.57,16.33,870.5
14:06:29,37768,43460,46685,46078,54116,53825,35481,52014,25.06,41.28,41.57,16.33,870.5
14:08:28,37716,43594,46682,46115,54385,53957,35266,51995,25.06,42.1,43.57,15.73,870.1
14:08:28,37775,43514,46665,46061,54171,53907,35294,51923,25.06,42.1,43.57,15.73,870.1
14:08:28,37749,43333,46624,45980,54065,53775,35305,51838,25.06,42.1,43.57,15.73,870.1
14:10:29,37799,43642,46753,46165,54385,54027,35406,52044,25.06,42.1,44.36,15.52,870.19
14:10:29,37804,43536,46701,46085,54241,53913,35365,51962,25.06,42.1,44.36,15.52,870.19
14:10:29,37730,43360,46624,45972,54078,53772,35286,51839,25.06,42.1,44.36,15.52,870.19
14:12:27,37641,43500,46642,46047,54294,53908,35094,51906,25.03,41.28,44.22,15.34,870.4
14:12:27,37743,43400,46550,45986,54083,53846,35086,51838,25.03,41.28,44.22,15.34,870.4
14:12:27,37656,43225,46532,45899,53959,53680,35054,51711,25.03,41.28,44.22,15.34,870.4
14:14:28,37661,43456,46617,46013,54248,53895,34976,51875,25.06,42.1,45.03,15.27,870.03
14:14:28,37645,43346,46547,45897,54054,53749,34860,51814,25.06,42.1,45.03,15.27,870.03
14:14:28,37622,43137,46432,45767,53884,53560,34823,51568,25.06,42.1,45.03,15.27,870.03
14:16:28,37469,43214,46481,45820,54094,53694,34446,51687,25.06,42.1,46.05,15.06,869.96
14:16:28,37441,43073,46368,45768,53866,53567,34366,51497,25.06,42.1,46.05,15.06,869.96
14:16:28,37442,42902,46299,45644,53630,53408,34373,51428,25.06,42.1,46.05,15.06,869.96
14:18:27,37469,43306,46495,45939,54109,53783,34503,51718,25.03,42.91,45.25,14.74,869.89
14:18:27,37507,43044,46369,45836,53813,53570,34371,51505,25.03,42.91,45.25,14.74,869.89
14:18:27,37414,42912,46275,45622,53706,53378,34298,51372,25.03,42.91,45.25,14.74,869.89
14:20:27,37329,42980,46298,45739,53956,53604,34301,51375,25.03,42.1,43.37,14.92,869.91
14:20:27,37320,42903,46306,45644,53730,53490,34234,51316,25.03,42.1,43.37,14.92,869.91
14:20:27,37243,42628,46108,45492,53485,53241,34114,51131,25.03,42.1,43.37,14.92,869.91
14:23:15,37437,43444,46481,45944,54202,53861,34371,51907,25.06,41.28,42.04,15.41,869.98
14:23:15,37550,43417,46514,45959,54114,53786,34376,51902,25.06,41.28,42.04,15.41,869.98
14:23:15,37561,43298,46484,45890,54038,53778,34428,51888,25.06,41.28,42.04,15.41,869.98
14:24:27,37449,43401,46224,45843,54141,53992,34352,51701,25.03,42.1,42.04,15.55,869.86
14:24:27,37516,43301,46432,45898,54018,53741,34317,51724,25.03,42.1,42.04,15.55,869.86
14:24:27,37362,43092,46321,45653,53783,53650,34322,51641,25.03,42.1,42.04,15.55,869.86
14:26:27,37385,43229,46506,46054,54257,53780,34447,51727,25.06,42.1,42.35,15.31,869.97
14:26:27,37372,43153,46358,45777,53960,53668,34418,51669,25.06,42.1,42.35,15.31,869.97
14:26:27,37335,42996,46329,45663,53752,53563,34358,51513,25.06,42.1,42.35,15.31,869.97
14:28:27,37400,43227,46441,45845,54128,53752,34491,51708,25.03,41.28,42.42,14.78,869.97
14:28:27,37374,43056,46429,45758,53905,53611,34530,51637,25.03,41.28,42.42,14.78,869.97
14:28:27,37336,42896,46256,45654,53735,53470,34422,51437,25.03,41.28,42.42,14.78,869.97
14:32:27,37395,43324,46495,45941,54223,53879,34860,51767,25.03,42.1,40.29,15.41,869.89
14:32:27,37402,43171,46442,45858,54042,53762,34813,51679,25.03,42.1,40.29,15.41,869.89
14:32:27,37393,43030,46365,45770,53902,53641,34772,51570,25.03,42.1,40.29,15.41,869.89
14:34:26,37297,43079,46430,45832,54099,53745,34932,51515,25.03,40.47,40.96,15.41,870.01
14:34:26,37278,42879,46317,45703,53845,53579,34856,51393,25.03,40.47,40.96,15.41,870.01
14:34:26,37224,42691,46197,45596,53670,53402,34814,51251,25.03,40.47,40.96,15.41,870.01
14:36:26,37282,43120,46403,45859,54092,53798,34758,51614,25.03,42.1,42.37,15.2,870.11
14:36:26,37286,42987,46316,45813,53990,53710,34769,51460,25.03,42.1,42.37,15.2,870.11
14:36:26,37222,42817,46161,45619,53756,53449,34681,51282,25.03,42.1,42.37,15.2,870.11
14:38:26,37431,43279,46541,46000,54268,53840,35358,51777,25.06,41.28,43.33,14.99,870.02
14:38:26,37358,43012,46437,45806,54022,53698,35306,51465,25.06,41.28,43.33,14.99,870.02
14:38:26,37339,42847,46358,45730,53838,53615,35409,51385,25.06,41.28,43.33,14.99,870.02
14:40:27,37413,43273,46561,45940,54280,54037,35938,51855,25.06,42.1,45.19,14.71,870.05
14:40:27,37387,43225,46673,45923,54268,54018,35930,51713,25.06,42.1,45.19,14.71,870.05
14:40:27,37473,43028,46519,45821,54015,53758,35882,51563,25.06,42.1,45.19,14.71,870.05
14:42:27,37329,43191,46545,45949,54281,53915,35750,51757,25.06,41.28,47.18,14,869.87
14:42:27,37309,43010,46389,45808,54013,53769,35657,51494,25.06,41.28,47.18,14,869.87
14:42:27,37261,42823,46348,45706,53824,53610,35615,51411,25.06,41.28,47.18,14,869.87
14:44:27,37367,43310,46590,46038,54361,54019,35913,51750,25.03,42.91,47.63,13.93,869.89
14:44:27,37351,43131,46540,45927,54161,53907,35864,51660,25.03,42.91,47.63,13.93,869.89
14:44:27,37289,42866,46405,45826,53899,53708,35780,51508,25.03,42.91,47.63,13.93,869.89
14:46:27,37151,43008,46444,45839,54049,53682,35631,51440,25.03,42.91,48.36,13.65,869.66
14:46:27,36128,41600,45012,44367,52262,51925,34453,49677,25.03,42.91,48.36,13.65,869.66
14:46:27,36515,41920,45450,44816,52766,52484,34907,50258,25.03,42.91,48.36,13.65,869.66
14:48:26,37396,43706,46746,46399,54526,54272,35879,51979,25.06,43.72,48.2,13.44,869.95
14:48:26,37487,43699,46754,46374,54495,54275,35796,51989,25.06,43.72,48.2,13.44,869.95
14:48:26,37466,43657,46742,46379,54465,54227,35801,52090,25.06,43.72,48.2,13.44,869.95
14:50:26,37207,43067,46466,46019,54366,53948,35548,51635,25.03,42.91,48.83,13.09,870
14:50:26,37245,43022,46569,45963,54138,53795,35565,51571,25.03,42.91,48.83,13.09,870
14:50:26,37110,42806,46362,45690,53912,53662,35412,51343,25.03,42.91,48.83,13.09,870
14:52:26,37114,42986,46463,45919,54222,53935,35781,51617,25.03,43.72,46.35,13.09,869.56
14:52:26,37070,42811,46494,45744,54050,53782,35624,51472,25.03,43.72,46.35,13.09,869.56
14:52:26,37071,42522,46296,45650,53818,53599,35660,51159,25.03,43.72,46.35,13.09,869.56
14:54:23,37246,43130,46510,45961,54286,53963,35834,51884,25.03,42.91,44.5,13.72,869.58
14:54:23,37168,42896,46437,45799,54078,53768,35731,51650,25.03,42.91,44.5,13.72,869.58
14:54:23,37113,42633,46306,45676,53773,53576,35589,51401,25.03,42.91,44.5,13.72,869.58
14:56:26,37051,42949,46406,45782,54217,53833,35636,51371,25.03,45.34,44.04,13.86,869.59
14:56:26,37016,42772,46332,45807,53940,53744,35675,51265,25.03,45.34,44.04,13.86,869.59
14:56:26,36958,42568,46286,45631,53860,53596,35631,51118,25.03,45.34,44.04,13.86,869.59
14:58:32,37322,43708,46817,46474,54718,54428,36166,52245,25.03,43.72,44.48,13.72,869.8
14:58:32,37393,43570,46786,46375,54581,54381,36169,52260,25.03,43.72,44.48,13.72,869.8
14:58:32,37410,43669,46830,46312,54564,54357,36160,52293,25.03,43.72,44.48,13.72,869.8
15:02:48,36944,43361,46436,46036,54349,54110,35275,52043,25.03,44.53,44.86,13.65,869.5
15:02:48,37000,43305,46450,46014,54312,54088,35281,52060,25.03,44.53,44.86,13.65,869.5
15:02:48,37021,43241,46438,45968,54278,54089,35282,52092,25.03,44.53,44.86,13.65,869.5
15:04:31,37048,43391,46601,46165,54430,54180,35445,52107,25.03,43.72,45.14,13.65,869.67
15:04:31,37114,43402,46559,46130,54388,54203,35439,52083,25.03,43.72,45.14,13.65,869.67
15:04:31,37108,43267,46483,46048,54328,54133,35360,52113,25.03,43.72,45.14,13.65,869.67
15:06:31,36874,43148,46417,46041,54277,54067,35224,51890,25.03,44.53,46.16,13.4,869.6
15:06:31,36995,43281,46483,46101,54330,54066,35211,52044,25.03,44.53,46.16,13.4,869.6
15:06:31,37061,43126,46408,46027,54237,54128,35265,52105,25.03,44.53,46.16,13.4,869.6
15:08:31,36899,43167,46436,46060,54373,54160,35352,52075,25.03,45.34,47.16,13.16,869.59
15:08:31,36928,43224,46441,46051,54369,54167,35332,52080,25.03,45.34,47.16,13.16,869.59
15:08:31,36979,43225,46486,45990,54307,54122,35352,52191,25.03,45.34,47.16,13.16,869.59
15:10:31,36852,43256,46466,46078,54373,54192,35380,52141,25.03,44.53,48.33,12.87,869.61
15:10:31,36878,43186,46410,46027,54301,54101,35374,52178,25.03,44.53,48.33,12.87,869.61
15:10:31,36909,43182,46417,46044,54310,54154,35402,52192,25.03,44.53,48.33,12.87,869.61
15:12:30,36850,43300,46497,46106,54406,54225,35452,52093,25.03,44.53,48.18,12.87,869.41
15:12:30,36821,43209,46312,46046,54303,54009,35382,52096,25.03,44.53,48.18,12.87,869.41
15:12:30,36850,43143,46387,45927,54248,54048,35354,52114,25.03,44.53,48.18,12.87,869.41
15:14:31,36592,42997,46211,45903,54194,53953,34868,51887,25.03,45.34,48.32,12.8,869.51
15:14:31,36688,43056,46294,45919,54189,54020,34860,52045,25.03,45.34,48.32,12.8,869.51
15:14:31,36692,42947,46251,45827,54171,53927,34795,52015,25.03,45.34,48.32,12.8,869.51
15:16:29,36502,42845,46074,45765,54087,53854,34445,51723,25.03,45.34,48.53,12.66,869.34
15:16:29,36516,42973,46168,45797,54013,53885,34606,52043,25.03,45.34,48.53,12.66,869.34
15:16:29,36591,42902,46061,45974,54229,53880,34567,51975,25.03,45.34,48.53,12.66,869.34
15:18:28,36348,42714,46001,45691,53981,53760,33981,51730,25.03,45.34,47.78,12.73,869.44
15:18:28,36297,42656,46012,45576,53934,53773,33947,51789,25.03,45.34,47.78,12.73,869.44
15:18:28,36396,42562,46020,45484,53850,53580,33904,51797,25.03,45.34,47.78,12.73,869.44
15:20:23,36166,42619,45870,45582,53919,53721,33794,51680,25.03,44.53,47.81,12.66,869.24
15:20:23,36189,42612,45887,45564,53817,53602,33796,51772,25.03,44.53,47.81,12.66,869.24
15:20:23,36238,42519,45868,45476,53779,53620,33768,51629,25.03,44.53,47.81,12.66,869.24
15:23:12,36081,42573,45911,45612,54032,53840,33850,51784,25.03,45.34,46.81,12.66,869.16
15:23:12,36123,42584,45967,45675,53912,53829,33916,51806,25.03,45.34,46.81,12.66,869.16
15:23:12,36163,42519,45942,45597,53876,53801,33840,51694,25.03,45.34,46.81,12.66,869.16
15:24:33,36172,42580,45982,45688,53994,53815,34003,51805,25.03,44.53,46.61,12.94,869.33
15:24:33,36247,42645,46070,45622,53994,53890,33999,51786,25.03,44.53,46.61,12.94,869.33
15:24:33,36319,42718,46101,45712,54066,53942,34109,51919,25.03,44.53,46.61,12.94,869.33
15:26:32,36084,42578,45937,45649,53944,53774,33796,51730,25.03,45.34,43.31,12.87,869.26
15:26:32,36140,42554,45909,45609,53890,53750,33768,51793,25.03,45.34,43.31,12.87,869.26
15:26:32,36154,42550,45936,45693,53936,53804,33789,51841,25.03,45.34,43.31,12.87,869.26
15:28:26,36040,42571,45926,45641,53995,53855,33956,51754,25.03,43.72,40.45,14.11,869.26
15:28:26,36061,42517,45900,45587,53914,53811,33922,51793,25.03,43.72,40.45,14.11,869.26
15:28:26,36109,42468,45910,45559,53900,53785,33914,51793,25.03,43.72,40.45,14.11,869.26
15:30:23,35872,42453,45824,45584,53947,53787,33733,51691,25.06,43.72,40.72,14.29,869.44
15:30:23,35978,42446,45850,45561,53879,53786,33652,51662,25.06,43.72,40.72,14.29,869.44
15:30:23,36034,42471,45871,45536,53795,53746,33629,51825,25.06,43.72,40.72,14.29,869.44
15:32:23,35798,42273,45689,45400,53775,53624,33399,51596,25.03,43.72,40.63,14.32,869.39
15:32:23,35829,42184,45686,45357,53652,53549,33318,51567,25.03,43.72,40.63,14.32,869.39
15:32:23,35833,42081,45637,45270,53547,53439,33319,51554,25.03,43.72,40.63,14.32,869.39
15:34:23,35812,42337,45822,45600,54031,53828,33591,51704,25.06,42.91,42.01,13.93,869.21
15:34:23,35955,42310,45847,45454,53795,53711,33626,51727,25.06,42.91,42.01,13.93,869.21
15:34:23,35900,42104,45736,45321,53682,53616,33611,51679,25.06,42.91,42.01,13.93,869.21
15:36:22,35866,42384,45910,45605,53998,53783,33834,51826,25.03,43.72,42.24,13.58,869.16
15:36:22,35885,42205,45745,45370,53691,53586,33748,51627,25.03,43.72,42.24,13.58,869.16
15:36:22,35840,42190,45772,45429,53760,53723,33845,51772,25.03,43.72,42.24,13.58,869.16
15:38:22,35656,42108,45734,45386,53747,53578,33383,51616,25.03,42.91,41.14,13.93,868.98
15:38:22,35633,41884,45378,45195,53631,53414,33279,51577,25.03,42.91,41.14,13.93,868.98
15:38:22,35668,41963,45552,45211,53483,53365,33271,51428,25.03,42.91,41.14,13.93,868.98
15:40:22,35507,42087,45610,45343,53808,53696,33447,51644,25.03,42.1,40.82,14.29,868.97
15:40:22,35550,42003,45627,45354,53710,53621,33398,51617,25.03,42.1,40.82,14.29,868.97
15:40:22,35499,41856,45531,45242,53580,53505,33399,51515,25.03,42.1,40.82,14.29,868.97
15:42:23,35450,42061,45637,45354,53783,53682,33614,51595,25.03,42.1,42.6,13.65,868.77
15:42:23,35536,41994,45617,45361,53756,53710,33663,51693,25.03,42.1,42.6,13.65,868.77
15:42:23,35634,42076,45659,45308,53814,53723,33635,51531,25.03,42.1,42.6,13.65,868.77
15:44:23,35462,42080,45615,45417,53837,53761,33850,51704,25.03,41.28,41.86,13.93,868.84
15:44:23,35504,42022,45648,45360,53772,53710,33811,51718,25.03,41.28,41.86,13.93,868.84
15:44:23,35526,41931,45655,45364,53745,53662,33807,51706,25.03,41.28,41.86,13.93,868.84
15:46:22,35477,42130,45695,45488,53871,53836,34228,51804,25.03,42.1,43.7,13.51,868.94
15:46:22,35505,42081,45656,45430,53840,53798,34174,51799,25.03,42.1,43.7,13.51,868.94
15:46:22,35538,42087,45723,45434,53825,53792,34108,51846,25.03,42.1,43.7,13.51,868.94
15:48:22,35319,42019,45750,45432,54030,53912,33834,51696,25.03,41.28,44.44,12.94,869.09
15:48:22,35338,41874,45489,45315,53844,53773,33721,51666,25.03,41.28,44.44,12.94,869.09
15:48:22,35356,41848,45543,45322,53688,53644,33596,51616,25.03,41.28,44.44,12.94,869.09
15:50:22,35094,41917,45462,45293,53723,53604,33428,51499,25.03,41.28,41.27,13.65,869.04
15:50:22,35163,41768,45430,45252,53637,53651,33350,51567,25.03,41.28,41.27,13.65,869.04
15:50:22,35159,41695,45451,45206,53572,53553,33316,51541,25.03,41.28,41.27,13.65,869.04
15:52:22,35043,41765,45416,45288,53701,53653,33425,51580,25.03,41.28,41.62,14,869.25
15:52:22,35115,41729,45410,45261,53611,53602,33425,51577,25.03,41.28,41.62,14,869.25
15:52:22,35109,41670,45373,45221,53664,53555,33382,51582,25.03,41.28,41.62,14,869.25
15:54:22,34958,41677,45363,45187,53641,53602,33212,51489,25.06,42.1,43.52,13.58,868.95
15:54:22,34933,41561,45259,45123,53502,53481,33137,51510,25.06,42.1,43.52,13.58,868.95
15:54:22,34970,41592,45245,45047,53491,53465,33150,51494,25.06,42.1,43.52,13.58,868.95
15:56:23,34864,41597,45369,45246,53644,53579,33283,51476,25.03,42.1,44.89,13.23,868.95
15:56:23,34982,41669,45433,45230,53618,53649,33366,51634,25.03,42.1,44.89,13.23,868.95
15:56:23,34951,41527,45363,45175,53552,53587,33340,51540,25.03,42.1,44.89,13.23,868.95
15:58:23,34899,41668,45413,45402,53799,53829,33877,51754,25.06,42.1,45.39,13.12,868.98
15:58:23,34969,41717,45467,45270,53760,53779,33843,51730,25.06,42.1,45.39,13.12,868.98
15:58:23,35049,41620,45423,45250,53707,53740,33849,51700,25.06,42.1,45.39,13.12,868.98
16:02:40,34704,41515,45379,45230,53729,53672,33684,51625,25.03,42.1,45.41,13.02,868.72
16:02:40,34751,41360,45276,45146,53676,53627,33594,51537,25.03,42.1,45.41,13.02,868.72
16:02:40,34766,41324,45315,45062,53487,53607,33538,51482,25.03,42.1,45.41,13.02,868.72
16:04:24,34588,41251,45214,45051,53517,53499,33230,51565,25.06,42.91,45.96,12.87,869.05
16:04:24,34650,41147,45182,44997,53362,53374,33145,51517,25.06,42.91,45.96,12.87,869.05
16:04:24,34673,41064,45183,44957,53254,53339,33147,51380,25.06,42.91,45.96,12.87,869.05
16:06:22,34480,41124,45143,44970,53452,53434,32902,51448,25.06,42.91,45.86,12.66,868.92
16:06:22,34508,41132,45141,44975,53308,53401,32946,51489,25.06,42.91,45.86,12.66,868.92
16:06:22,34475,40816,45085,44871,53245,53388,32860,51357,25.06,42.91,45.86,12.66,868.92
16:08:22,34295,40980,44994,44843,53304,53258,32724,51460,25.06,42.91,45.93,12.87,868.88
16:08:22,34349,40855,44986,44877,53185,53322,32783,51534,25.06,42.91,45.93,12.87,868.88
16:08:22,34264,40678,44833,44667,52933,53157,32694,51323,25.06,42.91,45.93,12.87,868.88
16:10:21,34313,41027,45099,45025,53531,53618,33194,51689,25.03,43.72,48.12,12.45,868.81
16:10:21,34276,40975,45177,44960,53297,53433,33085,51517,25.03,43.72,48.12,12.45,868.81
16:10:21,34367,40897,45085,44976,53373,53435,33173,51493,25.03,43.72,48.12,12.45,868.81
16:12:22,34399,41193,45325,45188,53710,53730,34007,51783,25.03,43.72,48.68,12.13,868.67
16:12:22,34477,41105,45326,45124,53574,53706,33988,51803,25.03,43.72,48.68,12.13,868.67
16:12:22,34442,40914,45241,45073,53448,53578,34072,51707,25.03,43.72,48.68,12.13,868.67
16:14:22,34538,41329,45416,45280,53846,53955,34666,52099,25.06,43.72,49.42,11.95,868.47
16:14:22,34563,41274,45469,45257,53785,53932,34623,51947,25.06,43.72,49.42,11.95,868.47
16:14:22,34508,41095,45456,45262,53648,53841,34712,51971,25.06,43.72,49.42,11.95,868.47
16:16:22,34258,41195,45398,45201,53699,53886,34575,51905,25.03,44.53,48.86,12.02,868.62
16:16:22,34374,41110,45344,45228,53699,53892,34558,51960,25.03,44.53,48.86,12.02,868.62
16:16:22,34277,40991,45240,45119,53543,53686,34476,51879,25.03,44.53,48.86,12.02,868.62
16:18:22,34067,40940,45148,45046,53612,53701,33874,51736,25.03,44.53,49.75,11.74,868.75
16:18:22,34103,40892,45100,44954,53580,53640,33809,51787,25.03,44.53,49.75,11.74,868.75
16:18:22,34044,40743,45073,44957,53444,53466,33762,51612,25.03,44.53,49.75,11.74,868.75
16:20:21,33768,40673,44876,44858,53383,53487,33105,51522,25.03,45.34,49.39,11.67,868.7
16:20:21,33740,40528,44807,44753,53207,53400,33017,51491,25.03,45.34,49.39,11.67,868.7
16:20:21,33784,40478,44803,44710,53186,53320,32996,51447,25.03,45.34,49.39,11.67,868.7
16:23:02,33411,40378,44662,44663,53220,53331,32847,51270,25.03,44.53,49.17,11.67,868.54
16:23:02,33443,40260,44669,44623,53117,53290,32820,51179,25.03,44.53,49.17,11.67,868.54
16:23:02,33443,40149,44640,44543,53012,53201,32770,51134,25.03,44.53,49.17,11.67,868.54
16:24:20,33482,40504,44776,44825,53366,53476,32961,51534,25.03,45.34,49.75,11.63,868.74
16:24:20,33524,40443,44751,44734,53186,53362,32951,51564,25.03,45.34,49.75,11.63,868.74
16:24:20,33534,40402,44708,44707,53275,53401,32955,51440,25.03,45.34,49.75,11.63,868.74
16:26:21,33370,40412,44729,44744,53236,53402,32723,51351,25.03,46.15,50.93,11.31,868.4
16:26:21,33323,40404,44891,44840,53293,53405,32747,51584,25.03,46.15,50.93,11.31,868.4
16:26:21,33322,40165,44495,44457,52984,53170,32534,51301,25.03,46.15,50.93,11.31,868.4
16:28:21,33157,40166,44492,44586,53099,53290,32511,51289,25.03,45.34,50.06,11.17,868.26
16:28:21,33146,40150,44528,44562,53084,53269,32496,51352,25.03,45.34,50.06,11.17,868.26
16:28:21,33179,40088,44492,44526,52993,53240,32467,51328,25.03,45.34,50.06,11.17,868.26
16:30:21,33082,40159,44505,44564,53180,53324,32474,51331,25.03,46.15,48.87,11.46,868.36
16:30:21,33066,39997,44473,44535,53106,53305,32467,51354,25.03,46.15,48.87,11.46,868.36
16:30:21,33095,39974,44469,44519,53082,53311,32497,51433,25.03,46.15,48.87,11.46,868.36
16:32:21,32894,39993,44367,44497,53052,53257,32299,51349,25.03,44.53,48.01,11.1,868.37
16:32:21,32894,39878,44357,44459,52896,53111,32218,51203,25.03,44.53,48.01,11.1,868.37
16:32:21,32882,39729,44079,44140,52703,52918,32070,51056,25.03,44.53,48.01,11.1,868.37
16:34:21,32660,39718,44176,44292,52892,53081,31695,51065,25.03,45.34,46.06,11.81,868.63
16:34:21,32641,39613,44065,44164,52615,52904,31602,51025,25.03,45.34,46.06,11.81,868.63
16:34:21,32649,39550,44098,44180,52685,52917,31600,51017,25.03,45.34,46.06,11.81,868.63
16:36:20,32351,39456,43904,44066,52656,52835,31103,50909,25.03,44.53,45.08,12.09,868.25
16:36:20,32344,39364,43869,43993,52492,52788,31075,50883,25.03,44.53,45.08,12.09,868.25
16:36:20,32358,39257,43757,43901,52446,52632,31044,50767,25.03,44.53,45.08,12.09,868.25
16:38:21,32191,39272,43848,44073,52608,52815,30906,51000,25.03,44.53,45.28,11.92,868.31
16:38:21,32151,39196,43751,43925,52430,52749,30813,50890,25.03,44.53,45.28,11.92,868.31
16:38:21,32137,39165,43700,43834,52403,52766,30799,50833,25.03,44.53,45.28,11.92,868.31
16:40:22,32029,39129,43675,43876,52409,52728,30878,50888,25,44.53,42.78,12.31,868.09
16:40:22,32068,39139,43660,43875,52360,52586,30828,50578,25,44.53,42.78,12.31,868.09
16:40:22,32042,38979,43566,43679,52122,52546,30862,50751,25,44.53,42.78,12.31,868.09
16:42:22,31947,39103,43708,43944,52475,52776,30952,50810,25.03,44.53,41.85,12.66,868.06
16:42:22,31931,39034,43669,43866,52385,52741,30925,50813,25.03,44.53,41.85,12.66,868.06
16:42:22,31953,38971,43692,43864,52355,52714,30886,50772,25.03,44.53,41.85,12.66,868.06
16:44:22,31702,38900,43544,43814,52334,52665,30777,50691,25.06,44.53,41.26,12.87,868.38
16:44:22,31751,38880,43554,43822,52332,52658,30757,50682,25.06,44.53,41.26,12.87,868.38
16:44:22,31775,38915,43564,43676,52370,52604,30775,50616,25.06,44.53,41.26,12.87,868.38
16:46:23,31537,38750,43416,43705,52222,52570,30573,50594,25.06,43.72,42.77,12.87,868.46
16:46:23,31568,38647,43336,43606,52149,52530,30541,50631,25.06,43.72,42.77,12.87,868.46
16:46:23,31540,38500,43344,43560,52049,52422,30554,50493,25.06,43.72,42.77,12.87,868.46
16:48:22,31460,38688,43390,43731,52348,52690,30723,50684,25.06,43.72,43.57,12.24,868.07
16:48:22,31461,38686,43399,43683,52223,52627,30709,50662,25.06,43.72,43.57,12.24,868.07
16:48:22,31495,38600,43341,43661,52165,52507,30688,50568,25.06,43.72,43.57,12.24,868.07
16:50:23,31234,38487,43195,43596,52129,52451,30404,50493,25.03,42.91,42.85,12.48,867.92
16:50:23,31272,38490,43289,43556,52060,52476,30401,50527,25.03,42.91,42.85,12.48,867.92
16:50:23,31245,38392,43249,43535,52093,52511,30469,50513,25.03,42.91,42.85,12.48,867.92
16:52:23,31067,38395,43242,43619,52166,52551,30513,50616,25.03,42.91,43.04,12.45,868.36
16:52:23,31141,38385,43251,43538,52058,52471,30458,50574,25.03,42.91,43.04,12.45,868.36
16:52:23,31160,38284,43235,43536,52077,52477,30480,50580,25.03,42.91,43.04,12.45,868.36
16:54:22,30963,38317,43135,43570,52171,52586,30496,50672,25.03,43.72,42.65,12.66,868.3
16:54:22,30964,38233,43133,43487,52042,52456,30385,50525,25.03,43.72,42.65,12.66,868.3
16:54:22,30980,38160,43206,43482,52013,52405,30377,50520,25.03,43.72,42.65,12.66,868.3
16:56:22,30827,38188,43120,43568,52123,52560,30338,50557,25.06,43.72,42.96,12.59,868.46
16:56:22,30846,38170,43073,43358,52008,52424,30277,50591,25.06,43.72,42.96,12.59,868.46
16:56:22,30896,38073,43088,43395,51971,52396,30287,50502,25.06,43.72,42.96,12.59,868.46
16:58:22,30629,38037,42989,43414,52026,52515,30240,50564,25.06,42.91,44.68,12.38,868.18
16:58:22,30681,38008,43023,43431,52000,52434,30216,50515,25.06,42.91,44.68,12.38,868.18
16:58:22,30681,37948,42957,43309,51862,52358,30178,50423,25.06,42.91,44.68,12.38,868.18
17:02:41,30372,37655,42842,43215,51808,52346,30035,50444,25.03,42.91,42.23,12.66,868.36
17:02:41,30329,37483,42630,43091,51761,52315,30074,50267,25.03,42.91,42.23,12.66,868.36
17:02:41,30429,37394,42760,42992,51593,52160,29994,50168,25.03,42.91,42.23,12.66,868.36
17:04:23,30135,37554,42690,43138,51783,52279,29807,50372,25.03,43.72,42.21,12.59,868.11
17:04:23,30163,37528,42693,43148,51734,52270,29789,50390,25.03,43.72,42.21,12.59,868.11
17:04:23,30155,37412,42674,43080,51683,52212,29752,50322,25.03,43.72,42.21,12.59,868.11
17:06:24,30007,37268,42549,42893,51610,52210,29589,50301,25.06,43.72,42.75,12.41,868.11
17:06:24,29980,37146,42536,42871,51467,52045,29547,50226,25.06,43.72,42.75,12.41,868.11
17:06:24,29917,36971,42449,42752,51309,51895,29514,50045,25.06,43.72,42.75,12.41,868.11
17:10:23,29804,37179,42538,42999,51655,52216,30136,50404,25.06,42.1,42.51,12.38,868.11
17:10:23,29797,37073,42539,42967,51584,52188,30160,50391,25.06,42.1,42.51,12.38,868.11
17:10:23,29777,36926,42477,42840,51431,52069,30122,50251,25.06,42.1,42.51,12.38,868.11
17:12:23,29666,37088,42530,43008,51716,52289,30189,50481,25.03,42.91,43.48,12.45,868.36
17:12:23,29677,36992,42514,42973,51603,52235,30188,50449,25.03,42.91,43.48,12.45,868.36
17:12:23,29665,36884,42472,42897,51508,52144,30164,50358,25.03,42.91,43.48,12.45,868.36
17:14:22,29581,37055,42567,43091,51790,52396,30323,50568,25.03,42.91,45.17,12.24,868.05
17:14:22,29552,36907,42528,42984,51653,52266,30300,50499,25.03,42.91,45.17,12.24,868.05
17:14:22,29511,36708,42397,42847,51416,52108,30260,50360,25.03,42.91,45.17,12.24,868.05
17:16:22,29413,36913,42489,43001,51765,52347,30340,50572,25.06,43.72,46.86,11.67,868.11
17:16:22,29456,36804,42476,42983,51655,52302,30329,50510,25.06,43.72,46.86,11.67,868.11
17:16:22,29414,36652,42395,42845,51524,52178,30315,50385,25.06,43.72,46.86,11.67,868.11
17:18:23,29175,36655,42292,42837,51651,52318,30078,50585,25.06,43.72,46.93,11.67,868.17
17:18:23,29191,36589,42270,42816,51464,52225,30046,50379,25.06,43.72,46.93,11.67,868.17
17:18:23,29146,36435,42233,42707,51360,52068,30002,50326,25.06,43.72,46.93,11.67,868.17
17:20:23,28917,36419,42119,42716,51468,52130,29630,50392,25.03,43.72,47.27,11.38,867.98
17:20:23,28912,36290,42096,42631,51272,52042,29638,50220,25.03,43.72,47.27,11.38,867.98
17:20:23,28874,36118,42000,42514,51171,51884,29607,50121,25.03,43.72,47.27,11.38,867.98
17:23:07,28730,36400,42137,42771,51600,52254,30215,50389,25.03,44.53,46.4,11.53,868.12
17:23:07,28762,36286,42155,42730,51523,52234,30227,50335,25.03,44.53,46.4,11.53,868.12
17:23:07,28720,36145,42087,42703,51448,52180,30240,50217,25.03,44.53,46.4,11.53,868.12
17:24:24,28838,36501,42265,42918,51743,52486,30653,50689,25.03,44.53,47.1,11.53,868.18
17:24:24,28822,36395,42185,42889,51757,52450,30667,50644,25.03,44.53,47.1,11.53,868.18
17:24:24,28875,36310,42231,42849,51567,52370,30654,50691,25.03,44.53,47.1,11.53,868.18
17:26:25,28475,36073,41935,42602,51454,52145,29991,50411,25.03,43.72,47.75,11.31,868.08
17:26:25,28458,35935,41891,42448,51215,51976,29962,50291,25.03,43.72,47.75,11.31,868.08
17:26:25,28453,35782,41830,42395,51072,51852,29913,50224,25.03,43.72,47.75,11.31,868.08
17:28:24,28084,35730,41621,42310,51109,51838,29145,50109,25,44.53,46.72,11.38,867.98
17:28:24,28097,35614,41599,42209,50845,51758,29076,49977,25,44.53,46.72,11.38,867.98
17:28:24,28060,35454,41529,42187,50861,51554,29020,49921,25,44.53,46.72,11.38,867.98
17:30:22,27785,35415,41403,42128,50945,51682,28553,49907,25.03,43.72,46.19,11.46,867.87
17:30:22,27800,35397,41348,42140,50774,51586,28578,49950,25.03,43.72,46.19,11.46,867.87
17:30:22,27820,35285,41369,42056,50771,51574,28538,49877,25.03,43.72,46.19,11.46,867.87
17:32:23,27593,35227,41259,41990,50770,51557,28516,49893,25.03,44.53,44.53,11.67,868.05
17:32:23,27589,35094,41125,41939,50618,51492,28481,49812,25.03,44.53,44.53,11.67,868.05
17:32:23,27566,35020,41207,41836,50496,51429,28470,49687,25.03,44.53,44.53,11.67,868.05
17:34:23,27342,35032,41048,41966,50726,51492,28182,49883,25.03,44.53,44.08,11.81,868.16
17:34:23,27360,34976,41061,41880,50556,51434,28166,49691,25.03,44.53,44.08,11.81,868.16
17:34:23,27320,34774,40986,41769,50372,51260,28064,49594,25.03,44.53,44.08,11.81,868.16
17:36:23,26868,34531,40635,41488,50247,51074,27237,49397,25.06,43.72,43.19,11.95,868.03
17:36:23,26878,34428,40621,41412,50152,51029,27224,49365,25.06,43.72,43.19,11.95,868.03
17:36:23,26832,34324,40598,41368,50069,50937,27221,49252,25.06,43.72,43.19,11.95,868.03
17:38:23,26679,34377,40565,41426,50179,51070,27285,49416,25.03,42.91,42.98,11.95,868.06
17:38:23,26714,34316,40553,41404,50156,51065,27290,49388,25.03,42.91,42.98,11.95,868.06
17:38:23,26700,34211,40532,41346,50014,50962,27282,49310,25.03,42.91,42.98,11.95,868.06
17:40:23,26666,34413,40645,41574,50409,51303,27735,49611,25.03,42.91,42.89,12.17,867.87
17:40:23,26634,34304,40588,41474,50255,51167,27746,49543,25.03,42.91,42.89,12.17,867.87
17:40:23,26647,34202,40599,41421,50165,51136,27754,49473,25.03,42.91,42.89,12.17,867.87
17:42:23,26561,34475,40778,41766,50556,51579,28289,49837,25.03,43.72,43.99,11.95,867.9
17:42:23,26648,34408,40796,41677,50503,51520,28296,49836,25.03,43.72,43.99,11.95,867.9
17:42:23,26618,34332,40753,41630,50452,51414,28288,49785,25.03,43.72,43.99,11.95,867.9
17:44:22,26437,34322,40692,41604,50639,51567,28341,49874,25.03,42.91,44.84,11.88,868.2
17:44:22,26447,34287,40706,41642,50517,51597,28336,49847,25.03,42.91,44.84,11.88,868.2
17:44:22,26437,34157,40663,41598,50360,51458,28271,49747,25.03,42.91,44.84,11.88,868.2
17:46:22,26196,34111,40570,41564,50521,51499,28064,49776,25.06,42.91,45.39,11.63,868.32
17:46:22,26157,33997,40529,41474,50350,51415,27976,49693,25.06,42.91,45.39,11.63,868.32
17:46:22,26163,33914,40488,41415,50235,51314,27970,49655,25.06,42.91,45.39,11.63,868.32
17:48:22,25820,33718,40264,41256,50214,51262,27478,49533,25.03,42.91,44.94,11.74,868.18
17:48:22,25883,33703,40172,41190,50110,51188,27459,49558,25.03,42.91,44.94,11.74,868.18
17:48:22,25830,33620,40229,41236,50042,51096,27409,49493,25.03,42.91,44.94,11.74,868.18
17:50:22,25501,33429,39970,41059,49991,51034,26979,49300,25.03,43.72,45.36,11.74,868.33
17:50:22,25514,33368,39957,41014,49877,50967,26954,49343,25.03,43.72,45.36,11.74,868.33
17:50:22,25498,33271,39937,40958,49790,50872,26934,49311,25.03,43.72,45.36,11.74,868.33
17:52:23,25235,33197,39783,40877,49739,50899,26648,49176,25.03,43.72,46.2,11.6,868.22
17:52:23,25208,33074,39663,40863,49682,50817,26620,49221,25.03,43.72,46.2,11.6,868.22
17:52:23,25197,33000,39711,40761,49595,50756,26581,49151,25.03,43.72,46.2,11.6,868.22
17:54:23,24904,32861,39520,40688,49583,50731,26321,49073,25,44.53,46.83,11.38,868.4
17:54:23,24900,32769,39489,40627,49486,50658,26317,49047,25,44.53,46.83,11.38,868.4
17:54:23,24897,32711,39505,40581,49400,50580,26298,48970,25,44.53,46.83,11.38,868.4
17:56:23,24736,32670,39424,40610,49516,50635,26218,49046,25.03,43.72,47.68,11.24,868.05
17:56:23,24680,32638,39424,40581,49410,50626,26207,48981,25.03,43.72,47.68,11.24,868.05
17:56:23,24639,32513,39410,40611,49409,50507,26136,48974,25.03,43.72,47.68,11.24,868.05
17:58:23,24386,32394,39168,40440,49371,50578,25917,48929,25.03,45.34,46.11,11.38,867.92
17:58:23,24392,32262,39190,40364,49248,50482,25848,48974,25.03,45.34,46.11,11.38,867.92
17:58:23,24362,32246,39198,40355,49218,50512,25811,48859,25.03,45.34,46.11,11.38,867.92
18:02:34,23821,31814,38818,40126,49076,50363,25428,48734,25,46.15,43.13,12.31,868.17
18:02:34,23774,31734,38785,40133,49006,50260,25423,48747,25,46.15,43.13,12.31,868.17
18:02:34,23760,31628,38722,40020,48852,50087,25350,48617,25,46.15,43.13,12.31,868.17
18:04:22,23501,31526,38619,40014,48873,50205,25015,48529,25.03,44.53,42.99,12.17,868.2
18:04:22,23499,31493,38573,39934,48792,50135,24969,48513,25.03,44.53,42.99,12.17,868.2
18:04:22,23479,31444,38535,39851,48699,50088,24925,48487,25.03,44.53,42.99,12.17,868.2
18:06:22,23038,31125,38145,39627,48479,49862,24295,48215,25.03,43.72,42.61,12.34,868.06
18:06:22,23088,31073,38173,39639,48471,49851,24340,48290,25.03,43.72,42.61,12.34,868.06
18:06:22,23070,30981,38044,39485,48429,49775,24254,48163,25.03,43.72,42.61,12.34,868.06
18:08:22,22753,30787,37925,39407,48330,49726,23891,48082,25.03,44.53,43.19,12.31,867.92
18:08:22,22765,30753,37894,39347,48230,49632,23878,48091,25.03,44.53,43.19,12.31,867.92
18:08:22,22722,30639,37873,39263,48123,49579,23856,48017,25.03,44.53,43.19,12.31,867.92
18:10:22,22458,30469,37676,39176,48180,49536,23601,47872,25.03,44.53,44.49,12.17,868.07
18:10:22,22418,30412,37685,39179,48089,49474,23609,47940,25.03,44.53,44.49,12.17,868.07
18:10:22,22430,30404,37636,39157,48022,49527,23658,48058,25.03,44.53,44.49,12.17,868.07
18:12:23,22193,30270,37557,39077,47957,49442,23565,47882,25,44.53,44.23,11.95,867.92
18:12:23,22219,30246,37578,39161,48055,49498,23575,48010,25,44.53,44.23,11.95,867.92
18:12:23,22230,30151,37514,39080,47940,49435,23548,47996,25,44.53,44.23,11.95,867.92
18:14:23,21962,30043,37386,38980,47975,49521,23500,47865,25.03,44.53,42.89,11.95,867.84
18:14:23,21929,30022,37335,38948,47894,49326,23424,47851,25.03,44.53,42.89,11.95,867.84
18:14:23,21947,29970,37409,39068,47903,49376,23437,48020,25.03,44.53,42.89,11.95,867.84
18:16:22,21647,29761,37203,38845,47806,49375,23332,47782,25.03,43.72,41.02,12.59,867.84
18:16:22,21653,29728,37219,38837,47774,49366,23335,47869,25.03,43.72,41.02,12.59,867.84
18:16:22,21640,29661,37192,38786,47743,49366,23307,47837,25.03,43.72,41.02,12.59,867.84
18:18:22,21244,29336,36849,38559,47516,49132,22735,47575,25.06,44.53,40.14,12.87,867.89
18:18:22,21259,29311,36847,38511,47439,49074,22693,47574,25.06,44.53,40.14,12.87,867.89
18:18:22,21241,29234,36825,38467,47407,49055,22668,47562,25.06,44.53,40.14,12.87,867.89
18:20:23,20879,28933,36535,38275,47211,48868,22327,47400,25.03,42.91,40.22,13.02,867.92
18:20:23,20888,28876,36492,38222,47123,48854,22326,47371,25.03,42.91,40.22,13.02,867.92
18:20:23,20864,28793,36420,38146,47033,48745,22254,47288,25.03,42.91,40.22,13.02,867.92
18:23:03,20443,28266,36176,37810,46790,48404,21916,46920,25.03,42.91,40.57,12.94,868.09
18:23:03,20404,28053,36062,37722,46521,48312,21869,46753,25.03,42.91,40.57,12.94,868.09
18:23:03,20311,27851,35963,37556,46299,48028,21773,46495,25.03,42.91,40.57,12.94,868.09
18:24:23,20235,28307,36004,37928,46892,48595,21815,47079,25.06,42.91,40.23,13.05,867.91
18:24:23,20244,28273,36030,37847,46822,48595,21802,47122,25.06,42.91,40.23,13.05,867.91
18:24:23,20235,28210,36015,37833,46776,48570,21819,47113,25.06,42.91,40.23,13.05,867.91
18:26:23,19985,28101,35908,37784,46818,48633,21887,47124,25.09,42.1,41.1,12.94,867.78
18:26:23,19999,28091,35920,37868,46773,48590,21890,47207,25.09,42.1,41.1,12.94,867.78
18:26:23,20001,27994,35902,37750,46727,48595,21860,47183,25.09,42.1,41.1,12.94,867.78
18:28:23,19737,27879,35814,37740,46830,48677,21943,47170,25.06,42.1,41.19,12.87,868.25
18:28:23,19727,27790,35765,37696,46675,48579,21921,47190,25.06,42.1,41.19,12.87,868.25
18:28:23,19717,27767,35772,37675,46731,48575,21906,47182,25.06,42.1,41.19,12.87,868.25
18:30:23,19506,27624,35723,37683,46775,48726,22042,47229,25.06,42.91,42.4,12.66,868.13
18:30:23,19503,27601,35709,37691,46763,48703,22051,47277,25.06,42.91,42.4,12.66,868.13
18:30:23,19527,27614,35741,37662,46804,48761,22068,47321,25.06,42.91,42.4,12.66,868.13
18:32:23,19134,27302,35384,37389,46540,48537,21766,47083,25.03,42.1,43.37,12.31,867.82
18:32:23,19167,27262,35440,37447,46519,48523,21727,47103,25.03,42.1,43.37,12.31,867.82
18:32:23,19129,27184,35389,37394,46492,48444,21694,47092,25.03,42.1,43.37,12.31,867.82
18:34:23,18726,26804,34950,37033,46175,48200,21059,46697,25.03,42.91,43.32,12.38,867.7
18:34:23,18700,26740,34976,37034,46165,48164,20993,46739,25.03,42.91,43.32,12.38,867.7
18:34:23,18675,26681,34904,37007,46033,48080,20961,46667,25.03,42.91,43.32,12.38,867.7
18:36:24,18334,26402,34701,36790,45914,47945,20739,46583,25.03,43.72,43.61,12.24,868.18
18:36:24,18337,26374,34666,36793,45861,47899,20727,46556,25.03,43.72,43.61,12.24,868.18
18:36:24,18312,26260,34627,36714,45802,47900,20696,46514,25.03,43.72,43.61,12.24,868.18
18:38:23,17954,26012,34360,36563,45618,47723,20315,46345,25.06,42.91,43.35,12.24,867.53
18:38:23,17979,25965,34355,36494,45585,47696,20335,46364,25.06,42.91,43.35,12.24,867.53
18:38:23,17935,25920,34309,36407,45463,47622,20307,46253,25.06,42.91,43.35,12.24,867.53
18:42:24,17315,25384,33888,36157,45316,47538,20077,46177,25.03,42.91,40.77,12.73,867.84
18:42:24,17321,25312,33861,36120,45223,47466,20037,46134,25.03,42.91,40.77,12.73,867.84
18:42:24,17265,25235,33787,36081,45115,47330,19995,46087,25.03,42.91,40.77,12.73,867.84
18:44:24,16991,25078,33680,36038,45193,47474,19955,46204,25.06,42.1,40.32,12.94,867.72
18:44:24,16982,24999,33603,35915,45122,47457,19939,46124,25.06,42.1,40.32,12.94,867.72
18:44:24,16965,24934,33623,35908,45084,47399,19934,46074,25.06,42.1,40.32,12.94,867.72
18:46:23,16650,24714,33421,35819,45066,47405,19823,46055,25.06,42.91,40.51,12.87,868.1
18:46:23,16653,24680,33405,35771,44969,47316,19815,46050,25.06,42.91,40.51,12.87,868.1
18:46:23,16643,24615,33395,35734,44925,47305,19794,46016,25.06,42.91,40.51,12.87,868.1
18:48:25,16397,24461,33341,35763,44999,47546,19898,46159,25.06,42.1,41.93,12.7,867.54
18:48:25,16384,24406,33319,35714,44929,47406,19984,46154,25.06,42.1,41.93,12.7,867.54
18:48:25,16357,24322,33237,35591,44876,47338,19967,46120,25.06,42.1,41.93,12.7,867.54
18:54:27,15310,23373,32498,35132,44562,47145,19501,45893,25.03,42.91,44.69,11.95,867.97
18:54:27,15307,23315,32468,35064,44433,47127,19490,45918,25.03,42.91,44.69,11.95,867.97
18:54:27,15310,23316,32462,35061,44443,47127,19455,45833,25.03,42.91,44.69,11.95,867.97
18:56:25,14917,22906,32157,34799,44267,46964,19141,45741,25.06,43.72,44.6,11.81,867.81
18:56:25,14916,22854,32132,34796,44212,46926,19107,45689,25.06,43.72,44.6,11.81,867.81
18:56:25,14886,22728,32047,34653,44046,46765,19067,45632,25.06,43.72,44.6,11.81,867.81
18:58:25,14535,22537,31833,34605,43999,46762,18826,45567,25.03,44.53,43.83,11.88,867.76
18:58:25,14535,22457,31779,34465,43823,46606,18769,45476,25.03,44.53,43.83,11.88,867.76
18:58:25,14520,22367,31738,34446,43740,46524,18748,45518,25.03,44.53,43.83,11.88,867.76
19:02:49,13823,21677,31292,34143,43686,46614,18747,45412,25.03,44.53,40.83,12.59,867.72
19:02:49,13783,21607,31255,34035,43540,46494,18698,45254,25.03,44.53,40.83,12.59,867.72
19:02:49,13750,21452,31169,33914,43338,46340,18683,45162,25.03,44.53,40.83,12.59,867.72
19:04:24,13429,21313,30880,33804,43348,46383,18256,45204,25.03,44.53,39.92,12.8,867.79
19:04:24,13414,21218,30845,33750,43249,46265,18212,45175,25.03,44.53,39.92,12.8,867.79
19:04:24,13395,21134,30807,33691,43174,46205,18170,45080,25.03,44.53,39.92,12.8,867.79
19:06:24,12965,20760,30377,33351,42839,45910,17706,44866,25.03,43.72,39.21,13.09,867.57
19:06:24,12949,20677,30334,33305,42792,45903,17681,44849,25.03,43.72,39.21,13.09,867.57
19:06:24,12941,20612,30297,33237,42698,45784,17636,44752,25.03,43.72,39.21,13.09,867.57
19:08:24,12527,20213,29881,32924,42455,45600,17227,44581,25.03,42.91,38.88,13.16,867.91
19:08:24,12512,20152,29855,32892,42360,45543,17206,44532,25.03,42.91,38.88,13.16,867.91
19:08:24,12501,20080,29845,32847,42302,45487,17197,44490,25.03,42.91,38.88,13.16,867.91
19:10:24,12176,19847,29647,32802,42299,45567,17198,44565,25.03,42.91,39.38,13.23,867.93
19:10:24,12168,19782,29560,32739,42197,45479,17158,44603,25.03,42.91,39.38,13.23,867.93
19:10:24,12171,19771,29652,32716,42264,45521,17210,44559,25.03,42.91,39.38,13.23,867.93
19:12:24,11741,19322,29151,32379,41919,45257,16722,44268,25.06,42.91,40.48,12.87,867.7
19:12:24,11722,19261,29102,32297,41817,45183,16659,44214,25.06,42.91,40.48,12.87,867.7
19:12:24,11697,19181,29061,32236,41738,45109,16605,44150,25.06,42.91,40.48,12.87,867.7
19:14:25,11296,18781,28688,31901,41482,44888,16294,43986,25.06,42.91,39.87,12.87,867.8
19:14:25,11295,18709,28619,31876,41398,44824,16281,43910,25.06,42.91,39.87,12.87,867.8
19:14:25,11292,18675,28627,31865,41356,44815,16305,43917,25.06,42.91,39.87,12.87,867.8
19:16:25,11014,18455,28440,31820,41495,45011,16432,44081,25.03,42.1,39.12,13.23,867.57
19:16:25,10985,18428,28435,31811,41434,44997,16441,44034,25.03,42.1,39.12,13.23,867.57
19:16:25,10962,18347,28424,31720,41366,44938,16445,43994,25.03,42.1,39.12,13.23,867.57
19:18:24,10605,17964,28129,31561,41278,44900,16313,43967,25.03,42.1,38.66,13.23,867.83
19:18:24,10615,17944,28090,31499,41127,44780,16270,43901,25.03,42.1,38.66,13.23,867.83
19:18:24,10587,17888,28029,31468,41138,44800,16263,43908,25.03,42.1,38.66,13.23,867.83
19:20:25,10194,17487,27656,31192,40861,44617,16000,43751,25.03,42.1,38.72,13.3,867.76
19:20:25,10188,17446,27638,31126,40790,44581,15994,43768,25.03,42.1,38.72,13.3,867.76
19:20:25,10179,17401,27613,31117,40746,44559,15988,43740,25.03,42.1,38.72,13.3,867.76
19:23:04,9738,16905,27219,30849,40666,44565,15990,43691,25.03,42.1,39.54,13.16,867.63
19:23:04,9738,16855,27155,30812,40572,44472,15972,43672,25.03,42.1,39.54,13.16,867.63
19:23:04,9701,16759,27130,30695,40457,44368,15927,43561,25.03,42.1,39.54,13.16,867.63
19:24:25,9434,16585,26889,30632,40411,44369,15786,43550,25.03,42.1,39.9,13.02,867.92
19:24:25,9433,16536,26892,30578,40322,44323,15747,43560,25.03,42.1,39.9,13.02,867.92
19:24:25,9424,16508,26870,30560,40331,44361,15756,43598,25.03,42.1,39.9,13.02,867.92
19:26:26,9049,16086,26502,30321,40125,44269,15561,43383,25.03,42.1,40.5,12.94,867.66
19:26:26,9042,16061,26456,30225,40048,44169,15510,43402,25.03,42.1,40.5,12.94,867.66
19:26:26,9008,16001,26419,30212,40008,44106,15474,43375,25.03,42.1,40.5,12.94,867.66
19:28:25,8624,15487,25916,29781,39638,43783,15107,43058,25.06,42.1,41.06,12.8,867.92
19:28:25,8594,15450,25847,29739,39538,43782,15070,42988,25.06,42.1,41.06,12.8,867.92
19:28:25,8569,15397,25828,29644,39417,43666,14996,42992,25.06,42.1,41.06,12.8,867.92
19:30:29,8118,14799,25171,29143,38859,43212,14328,42439,25.06,42.1,40.99,12.59,867.53
19:30:29,8100,14765,25127,29053,38736,43084,14267,42382,25.06,42.1,40.99,12.59,867.53
19:30:29,8088,14709,25090,29018,38760,43050,14226,42428,25.06,42.1,40.99,12.59,867.53
19:32:26,7655,14122,24439,28430,38156,42529,13585,41863,25.06,42.1,39.31,12.94,867.63
19:32:26,7631,14073,24397,28359,38045,42416,13546,41821,25.06,42.1,39.31,12.94,867.63
19:32:26,7627,14039,24390,28348,38032,42384,13523,41781,25.06,42.1,39.31,12.94,867.63
19:34:27,7224,13503,23803,27862,37565,42035,13111,41438,25.06,42.1,38.54,13.3,867.95
19:34:27,7203,13444,23750,27780,37458,41977,13058,41391,25.06,42.1,38.54,13.3,867.95
19:34:27,7186,13405,23691,27693,37377,41885,13028,41339,25.06,42.1,38.54,13.3,867.95
19:36:28,6816,12914,23191,27266,37003,41561,12669,41015,25.03,42.1,39.22,13.23,867.72
19:36:28,6818,12867,23169,27231,36913,41502,12688,41051,25.03,42.1,39.22,13.23,867.72
19:36:28,6787,12804,23107,27199,36862,41524,12689,40994,25.03,42.1,39.22,13.23,867.72
19:38:28,6467,12366,22739,26846,36579,41305,12470,40896,25.03,42.1,38.8,13.09,867.7
19:38:28,6449,12312,22689,26819,36503,41267,12461,40842,25.03,42.1,38.8,13.09,867.7
19:38:28,6424,12221,22607,26708,36362,41123,12420,40738,25.03,42.1,38.8,13.09,867.7
19:40:30,6031,11714,21969,26164,35850,40672,11889,40307,25.03,42.1,38.64,13.19,867.5
19:40:30,6010,11634,21899,26070,35697,40542,11846,40193,25.03,42.1,38.64,13.19,867.5
19:40:30,5985,11554,21852,25970,35565,40430,11803,40051,25.03,42.1,38.64,13.19,867.5
19:42:31,5611,11108,21237,25559,35178,40115,11339,39703,25.06,41.28,37.99,13.4,867.7
19:42:31,5588,11052,21176,25466,35070,40051,11306,39686,25.06,41.28,37.99,13.4,867.7
19:42:31,5572,11000,21134,25408,34991,39971,11270,39616,25.06,41.28,37.99,13.4,867.7
19:44:29,5257,10518,20649,24979,34641,39685,11016,39401,25.03,42.1,37.83,13.51,867.44
19:44:29,5238,10450,20595,24900,34506,39584,10983,39335,25.03,42.1,37.83,13.51,867.44
19:44:29,5210,10374,20499,24788,34323,39432,10932,39184,25.03,42.1,37.83,13.51,867.44
19:49:00,4420,9221,19148,23672,33285,38464,10271,38498,25.17,42.1,37.32,13.58,867.39
19:49:00,4406,9177,19102,23616,33193,38388,10247,38456,25.17,42.1,37.32,13.58,867.39
19:49:00,4399,9141,19095,23564,33162,38370,10233,38445,25.17,42.1,37.32,13.58,867.39
19:50:27,4173,8828,18722,23323,32907,38265,10007,38237,25,41.28,37.31,13.69,867.59
19:50:27,4155,8787,18652,23258,32811,38152,9962,38218,25,41.28,37.31,13.69,867.59
19:50:27,4139,8743,18597,23185,32755,38124,9935,38206,25,41.28,37.31,13.69,867.59
19:52:27,3795,8149,17812,22466,31928,37331,9354,37407,25.03,42.1,37.26,13.65,867.73
19:52:27,3779,8104,17747,22384,31816,37262,9297,37343,25.03,42.1,37.26,13.65,867.73
19:52:27,3770,8082,17739,22358,31797,37265,9276,37392,25.03,42.1,37.26,13.65,867.73
19:54:26,3442,7504,16964,21657,31030,36608,8740,36711,25.03,42.1,37.12,13.69,867.61
19:54:26,3429,7468,16907,21578,30931,36513,8702,36674,25.03,42.1,37.12,13.69,867.61
19:54:26,3412,7423,16857,21509,30884,36468,8672,36653,25.03,42.1,37.12,13.69,867.61
19:56:26,3131,6923,16201,20937,30244,35974,8310,36137,25.03,42.1,37.09,13.65,867.85
19:56:26,3115,6877,16124,20834,30129,35856,8276,36076,25.03,42.1,37.09,13.65,867.85
19:56:26,3104,6840,16087,20802,30102,35841,8260,36097,25.03,42.1,37.09,13.65,867.85
19:58:27,2812,6294,15336,20105,29301,35150,7754,35390,25.03,40.47,36.91,13.72,867.46
19:58:27,2800,6257,15274,20020,29215,35055,7730,35378,25.03,40.47,36.91,13.72,867.46
19:58:27,2790,6224,15235,19958,29146,35000,7707,35357,25.03,40.47,36.91,13.72,867.46
20:02:38,2280,5175,13769,18596,27689,33867,7049,34298,25.03,40.47,35.68,14.22,867.51
20:02:38,2270,5139,13718,18516,27608,33793,7030,34287,25.03,40.47,35.68,14.22,867.51
20:02:38,2258,5105,13667,18458,27555,33752,7010,34249,25.03,40.47,35.68,14.22,867.51
20:04:26,2062,4710,13072,17943,26937,33282,6698,33695,25.03,41.28,35.41,14.29,867.65
20:04:26,2053,4684,13030,17889,26891,33238,6692,33729,25.03,41.28,35.41,14.29,867.65
20:04:26,2046,4661,13003,17852,26869,33233,6686,33770,25.03,41.28,35.41,14.29,867.65
20:06:27,1866,4262,12459,17397,26471,33082,6495,33636,25.03,40.47,35.34,14.36,867.52
20:06:27,1857,4232,12408,17337,26411,33034,6478,33658,25.03,40.47,35.34,14.36,867.52
20:06:27,1849,4204,12364,17279,26358,33004,6465,33662,25.03,40.47,35.34,14.36,867.52
20:08:27,1684,3824,11815,16819,25893,32777,6336,33422,25.03,41.28,35.4,14.36,867.93
20:08:27,1677,3797,11763,16748,25839,32720,6316,33430,25.03,41.28,35.4,14.36,867.93
20:08:27,1668,3764,11703,16677,25758,32632,6291,33387,25.03,41.28,35.4,14.36,867.93
20:10:29,1493,3334,10965,15949,24937,31975,5887,32777,25.03,41.28,35.43,14.36,867.85
20:10:29,1485,3303,10902,15866,24853,31906,5845,32722,25.03,41.28,35.43,14.36,867.85
20:10:29,1474,3266,10830,15788,24748,31793,5799,32639,25.03,41.28,35.43,14.36,867.85
20:12:27,1308,2864,10056,15013,23772,30974,5354,31774,25.03,39.66,35.54,14.36,867.84
20:12:27,1302,2837,9993,14938,23710,30887,5335,31739,25.03,39.66,35.54,14.36,867.84
20:12:27,1296,2813,9959,14885,23657,30856,5320,31771,25.03,39.66,35.54,14.36,867.84
20:14:31,1157,2432,9209,14095,22742,30090,4961,31061,25.03,41.28,35.45,14.36,867.58
20:14:31,1151,2404,9150,14015,22664,30007,4936,31009,25.03,41.28,35.45,14.36,867.58
20:14:31,1145,2379,9101,13961,22595,29954,4913,30971,25.03,41.28,35.45,14.36,867.58
20:16:34,1011,2009,8282,13074,21464,28930,4439,29981,25.03,40.47,35.34,14.43,867.89
20:16:34,1004,1983,8220,12991,21379,28844,4410,29910,25.03,40.47,35.34,14.43,867.89
20:16:34,997,1957,8164,12912,21270,28727,4381,29795,25.03,40.47,35.34,14.43,867.89
20:18:35,880,1635,7379,12057,20154,27703,3967,28810,25.03,40.47,35.05,14.5,867.66
20:18:35,876,1616,7333,11993,20100,27653,3950,28824,25.03,40.47,35.05,14.5,867.66
20:18:35,872,1599,7293,11939,20046,27597,3932,28813,25.03,40.47,35.05,14.5,867.66
20:20:36,776,1310,6538,11094,18921,26590,3567,27799,25.03,40.47,34.65,14.57,868.18
20:20:36,770,1289,6474,10995,18814,26456,3531,27713,25.03,40.47,34.65,14.57,868.18
20:20:36,764,1269,6411,10907,18699,26323,3493,27618,25.03,40.47,34.65,14.57,868.18
20:23:22,642,901,5271,9496,16741,24472,2804,25691,25.03,41.28,34.03,14.92,867.86
20:23:22,637,884,5215,9416,16639,24352,2769,25594,25.03,41.28,34.03,14.92,867.86
20:23:22,632,867,5158,9332,16528,24215,2731,25470,25.03,41.28,34.03,14.92,867.86
20:24:26,591,748,4745,8767,15682,23272,2478,24496,25.03,40.47,33.9,14.99,867.99
20:24:26,585,732,4684,8668,15534,23094,2449,24291,25.03,40.47,33.9,14.99,867.99
20:24:26,578,714,4622,8570,15368,22882,2416,24058,25.03,40.47,33.9,14.99,867.99
20:26:25,508,539,3911,7627,14023,21427,2009,22779,25.03,40.47,33.61,15.06,867.82
20:26:25,503,525,3852,7533,13874,21241,1973,22577,25.03,40.47,33.61,15.06,867.82
20:26:25,496,510,3792,7435,13709,21025,1938,22358,25.03,40.47,33.61,15.06,867.82
20:28:28,428,358,3067,6411,12140,19208,1527,20444,25.03,40.47,33.27,14.99,867.96
20:28:28,425,349,3024,6334,12041,19086,1507,20351,25.03,40.47,33.27,14.99,867.96
20:28:28,422,340,2982,6264,11935,18950,1486,20202,25.03,40.47,33.27,14.99,867.96
20:30:28,365,234,2402,5379,10529,17293,1206,18656,25.03,39.66,33.05,15.06,867.8
20:30:28,363,228,2366,5317,10439,17168,1190,18553,25.03,39.66,33.05,15.06,867.8
20:30:28,360,222,2333,5260,10356,17072,1175,18452,25.03,39.66,33.05,15.06,867.8
20:32:30,305,141,1787,4331,8804,15074,913,16444,25.03,40.47,32.73,15.13,867.93
20:32:30,302,136,1755,4271,8709,14940,897,16305,25.03,40.47,32.73,15.13,867.93
20:32:30,299,132,1721,4206,8599,14787,882,16159,25.03,40.47,32.73,15.13,867.93
20:34:29,243,78,1256,3346,7071,12712,656,14031,25.03,40.47,32.45,15.2,868.04
20:34:29,241,75,1228,3287,6975,12574,644,13909,25.03,40.47,32.45,15.2,868.04
20:34:29,238,72,1203,3234,6887,12446,632,13785,25.03,40.47,32.45,15.2,868.04
20:36:39,186,34,803,2370,5282,10043,442,11046,25.03,38.85,32.25,15.27,868.03
20:36:39,182,32,778,2308,5155,9832,430,10792,25.03,38.85,32.25,15.27,868.03
20:36:39,178,30,752,2243,5022,9613,418,10534,25.03,38.85,32.25,15.27,868.03
20:38:45,135,12,481,1609,3793,7728,289,8646,25,40.47,32.03,15.34,868.1
20:38:45,132,11,464,1563,3692,7544,280,8427,25,40.47,32.03,15.34,868.1
20:38:45,128,10,447,1514,3585,7355,272,8206,25,40.47,32.03,15.34,868.1
